Workbook
Name Slicer_Departments: #N/A
Name Slicer_Name_Month: #N/A
Name Slicer_Year: #N/A

Sheet Dataset
A1: Year | B1: Month | C1: Name Month | D1: Departments | E1: Influx of New Clients | F1: Regular Clients | G1: Sales | H1: Costs | I1: Bathroom-I | J1: Bedroom-I | K1: Kitchen-I | L1: Living-I | M1: Garden-I | N1: Decor-I | O1: Bathroom-S | P1: Bedroom-S | Q1: Kitchen-S | R1: Living-S | S1: Garden-S | T1: Decor-S | U1: Average Check | V1: Product 1 | W1: Product 2 | X1: Product 3 | Y1: Product 4 | Z1: Product 5 | AA1: Product 6 | AB1: Product 7 | AC1: Product 8 | AD1: Product 9 | AE1: Product 10
A2: 2025 | B2: 1 | C2: JAN | D2: Northern District | E2: 77 | F2: 0.58 | G2: 96,25 | H2: 27,25 | I2: 59 | J2: 107 | K2: 53 | L2: 92 | M2: 79 | N2: 59 | O2: 130 | P2: 116 | Q2: 65 | R2: 104 | S2: 32 | T2: 77 | U2: 25 | V2: 441 | W2: 77 | X2: 357 | Y2: 183 | Z2: 97 | AA2: 10 | AB2: 422 | AC2: 29 | AD2: 71 | AE2: 40
A3: 2025 | B3: 1 | C3: JAN | D3: Eastern District | E3: 54 | F3: 0.41 | G3: 67,5 | H3: 25,15 | I3: 70 | J3: 108 | K3: 96 | L3: 132 | M3: 66 | N3: 83 | O3: 78 | P3: 96 | Q3: 60 | R3: 94 | S3: 63 | T3: 92 | U3: 26 | V3: 281 | W3: 354 | X3: 695 | Y3: 8 | Z3: 18 | AA3: 61 | AB3: 316 | AC3: 353 | AD3: 44 | AE3: 65
A4: 2025 | B4: 1 | C4: JAN | D4: Southern District | E4: 104 | F4: 0.57 | G4: 130 | H4: 17,3 | I4: 78 | J4: 102 | K4: 41 | L4: 116 | M4: 49 | N4: 103 | O4: 100 | P4: 114 | Q4: 138 | R4: 104 | S4: 33 | T4: 94 | U4: 19 | V4: 345 | W4: 159 | X4: 375 | Y4: 162 | Z4: 139 | AA4: 93 | AB4: 136 | AC4: 220 | AD4: 82 | AE4: 172
A5: 2025 | B5: 1 | C5: JAN | D5: Western District | E5: 45 | F5: 0.75 | G5: 56,25 | H5: 31 | I5: 57 | J5: 51 | K5: 84 | L5: 139 | M5: 68 | N5: 91 | O5: 73 | P5: 116 | Q5: 50 | R5: 61 | S5: 66 | T5: 34 | U5: 30 | V5: 415 | W5: 151 | X5: 677 | Y5: 108 | Z5: 104 | AA5: 107 | AB5: 656 | AC5: 28 | AD5: 104 | AE5: 75
A6: 2025 | B6: 2 | C6: FEB | D6: Northern District | E6: 64 | F6: 0.52 | G6: 80 | H6: 40,95 | I6: 49 | J6: 38 | K6: 87 | L6: 145 | M6: 50 | N6: 77 | O6: 129 | P6: 114 | Q6: 114 | R6: 104 | S6: 30 | T6: 89 | U6: 24 | V6: 380 | W6: 44 | X6: 517 | Y6: 79 | Z6: 98 | AA6: 159 | AB6: 174 | AC6: 142 | AD6: 344 | AE6: 15
A7: 2025 | B7: 2 | C7: FEB | D7: Eastern District | E7: 22 | F7: 0.37 | G7: 27,5 | H7: 58,8 | I7: 82 | J7: 53 | K7: 80 | L7: 58 | M7: 60 | N7: 110 | O7: 50 | P7: 123 | Q7: 70 | R7: 82 | S7: 54 | T7: 70 | U7: 65 | V7: 86 | W7: 99 | X7: 557 | Y7: 253 | Z7: 126 | AA7: 120 | AB7: 290 | AC7: 159 | AD7: 267 | AE7: 44
A8: 2025 | B8: 2 | C8: FEB | D8: Southern District | E8: 67 | F8: 0.8 | G8: 83,75 | H8: 35,7 | I8: 31 | J8: 57 | K8: 75 | L8: 145 | M8: 52 | N8: 119 | O8: 56 | P8: 114 | Q8: 63 | R8: 77 | S8: 32 | T8: 78 | U8: 51 | V8: 33 | W8: 358 | X8: 37 | Y8: 321 | Z8: 273 | AA8: 131 | AB8: 416 | AC8: 18 | AD8: 170 | AE8: 48
A9: 2025 | B9: 2 | C9: FEB | D9: Western District | E9: 27 | F9: 0.46 | G9: 33,75 | H9: 14,7 | I9: 68 | J9: 50 | K9: 64 | L9: 144 | M9: 78 | N9: 104 | O9: 88 | P9: 86 | Q9: 53 | R9: 46 | S9: 55 | T9: 90 | U9: 40 | V9: 322 | W9: 32 | X9: 950 | Y9: 111 | Z9: 126 | AA9: 58 | AB9: 586 | AC9: 50 | AD9: 54 | AE9: 179
A10: 2025 | B10: 3 | C10: MAR | D10: Northern District | E10: 22 | F10: 0.31 | G10: 27,5 | H10: 24,15 | I10: 47 | J10: 110 | K10: 53 | L10: 113 | M10: 55 | N10: 78 | O10: 135 | P10: 115 | Q10: 58 | R10: 99 | S10: 55 | T10: 87 | U10: 51 | V10: 39 | W10: 164 | X10: 505 | Y10: 41 | Z10: 196 | AA10: 81 | AB10: 542 | AC10: 56 | AD10: 164 | AE10: 119
A11: 2025 | B11: 3 | C11: MAR | D11: Eastern District | E11: 58 | F11: 0.48 | G11: 72,5 | H11: 39,9 | I11: 31 | J11: 71 | K11: 103 | L11: 103 | M11: 109 | N11: 128 | O11: 115 | P11: 106 | Q11: 99 | R11: 87 | S11: 63 | T11: 41 | U11: 33 | V11: 33 | W11: 160 | X11: 45 | Y11: 136 | Z11: 313 | AA11: 37 | AB11: 146 | AC11: 46 | AD11: 292 | AE11: 16
A12: 2025 | B12: 3 | C12: MAR | D12: Southern District | E12: 46 | F12: 0.77 | G12: 57,5 | H12: 18,9 | I12: 71 | J12: 113 | K12: 44 | L12: 68 | M12: 96 | N12: 97 | O12: 47 | P12: 77 | Q12: 113 | R12: 48 | S12: 67 | T12: 55 | U12: 54 | V12: 53 | W12: 8 | X12: 97 | Y12: 160 | Z12: 166 | AA12: 76 | AB12: 80 | AC12: 324 | AD12: 152 | AE12: 38
A13: 2025 | B13: 3 | C13: MAR | D13: Western District | E13: 50 | F13: 0.4 | G13: 62,5 | H13: 43,05 | I13: 32 | J13: 55 | K13: 61 | L13: 108 | M13: 67 | N13: 72 | O13: 131 | P13: 75 | Q13: 55 | R13: 49 | S13: 67 | T13: 37 | U13: 22 | V13: 314 | W13: 46 | X13: 72 | Y13: 80 | Z13: 78 | AA13: 259 | AB13: 514 | AC13: 199 | AD13: 21 | AE13: 6
A14: 2025 | B14: 4 | C14: APR | D14: Northern District | E14: 78 | F14: 0.78 | G14: 97,5 | H14: 33,6 | I14: 73 | J14: 90 | K14: 95 | L14: 124 | M14: 77 | N14: 44 | O14: 83 | P14: 103 | Q14: 64 | R14: 48 | S14: 53 | T14: 67 | U14: 57 | V14: 88 | W14: 51 | X14: 65 | Y14: 63 | Z14: 132 | AA14: 96 | AB14: 310 | AC14: 69 | AD14: 227 | AE14: 187
A15: 2025 | B15: 4 | C15: APR | D15: Eastern District | E15: 64 | F15: 0.43 | G15: 80 | H15: 22,05 | I15: 73 | J15: 56 | K15: 40 | L15: 105 | M15: 60 | N15: 59 | O15: 101 | P15: 127 | Q15: 150 | R15: 89 | S15: 70 | T15: 59 | U15: 63 | V15: 235 | W15: 105 | X15: 690 | Y15: 45 | Z15: 336 | AA15: 176 | AB15: 312 | AC15: 56 | AD15: 35 | AE15: 141
A16: 2025 | B16: 4 | C16: APR | D16: Southern District | E16: 48 | F16: 0.34 | G16: 60 | H16: 55,65 | I16: 76 | J16: 97 | K16: 100 | L16: 74 | M16: 88 | N16: 93 | O16: 76 | P16: 124 | Q16: 91 | R16: 90 | S16: 38 | T16: 43 | U16: 18 | V16: 130 | W16: 46 | X16: 395 | Y16: 188 | Z16: 126 | AA16: 69 | AB16: 30 | AC16: 93 | AD16: 86 | AE16: 186
A17: 2025 | B17: 4 | C17: APR | D17: Western District | E17: 70 | F17: 0.36 | G17: 87,5 | H17: 51,45 | I17: 47 | J17: 107 | K17: 62 | L17: 85 | M17: 46 | N17: 47 | O17: 68 | P17: 116 | Q17: 52 | R17: 58 | S17: 65 | T17: 58 | U17: 102 | V17: 87 | W17: 63 | X17: 485 | Y17: 109 | Z17: 56 | AA17: 83 | AB17: 676 | AC17: 63 | AD17: 206 | AE17: 79
A18: 2025 | B18: 5 | C18: MAY | D18: Northern District | E18: 33 | F18: 0.66 | G18: 41,25 | H18: 25,2 | I18: 43 | J18: 77 | K18: 96 | L18: 104 | M18: 59 | N18: 99 | O18: 129 | P18: 88 | Q18: 60 | R18: 86 | S18: 37 | T18: 95 | U18: 92 | V18: 85 | W18: 122 | X18: 285 | Y18: 115 | Z18: 397 | AA18: 100 | AB18: 46 | AC18: 34 | AD18: 243 | AE18: 54
A19: 2025 | B19: 5 | C19: MAY | D19: Eastern District | E19: 48 | F19: 0.51 | G19: 60 | H19: 39,9 | I19: 81 | J19: 62 | K19: 60 | L19: 50 | M19: 90 | N19: 64 | O19: 83 | P19: 80 | Q19: 104 | R19: 86 | S19: 29 | T19: 66 | U19: 31 | V19: 50 | W19: 360 | X19: 102 | Y19: 339 | Z19: 186 | AA19: 27 | AB19: 100 | AC19: 16 | AD19: 40 | AE19: 19
A20: 2025 | B20: 5 | C20: MAY | D20: Southern District | E20: 66 | F20: 0.52 | G20: 82,5 | H20: 46,2 | I20: 72 | J20: 85 | K20: 99 | L20: 78 | M20: 92 | N20: 63 | O20: 54 | P20: 89 | Q20: 70 | R20: 101 | S20: 54 | T20: 81 | U20: 21 | V20: 189 | W20: 324 | X20: 512 | Y20: 44 | Z20: 139 | AA20: 143 | AB20: 86 | AC20: 56 | AD20: 149 | AE20: 53
A21: 2025 | B21: 5 | C21: MAY | D21: Western District | E21: 45 | F21: 0.7 | G21: 56,25 | H21: 49,35 | I21: 64 | J21: 40 | K21: 88 | L21: 120 | M21: 112 | N21: 47 | O21: 55 | P21: 45 | Q21: 53 | R21: 86 | S21: 41 | T21: 45 | U21: 76 | V21: 374 | W21: 96 | X21: 220 | Y21: 198 | Z21: 219 | AA21: 130 | AB21: 432 | AC21: 83 | AD21: 130 | AE21: 120
A22: 2025 | B22: 6 | C22: JUN | D22: Northern District | E22: 86 | F22: 0.52 | G22: 107,5 | H22: 24,15 | I22: 28 | J22: 50 | K22: 105 | L22: 117 | M22: 108 | N22: 44 | O22: 76 | P22: 87 | Q22: 53 | R22: 97 | S22: 39 | T22: 67 | U22: 106 | V22: 28 | W22: 147 | X22: 265 | Y22: 59 | Z22: 54 | AA22: 98 | AB22: 212 | AC22: 35 | AD22: 39 | AE22: 23
A23: 2025 | B23: 6 | C23: JUN | D23: Eastern District | E23: 74 | F23: 0.51 | G23: 92,5 | H23: 51,45 | I23: 79 | J23: 51 | K23: 88 | L23: 104 | M23: 78 | N23: 105 | O23: 128 | P23: 54 | Q23: 95 | R23: 72 | S23: 46 | T23: 71 | U23: 117 | V23: 85 | W23: 106 | X23: 72 | Y23: 136 | Z23: 393 | AA23: 23 | AB23: 352 | AC23: 38 | AD23: 157 | AE23: 83
A24: 2025 | B24: 6 | C24: JUN | D24: Southern District | E24: 46 | F24: 0.37 | G24: 57,5 | H24: 12,6 | I24: 60 | J24: 103 | K24: 72 | L24: 60 | M24: 61 | N24: 50 | O24: 71 | P24: 114 | Q24: 88 | R24: 86 | S24: 30 | T24: 38 | U24: 27 | V24: 312 | W24: 89 | X24: 470 | Y24: 132 | Z24: 308 | AA24: 40 | AB24: 386 | AC24: 242 | AD24: 64 | AE24: 25
A25: 2025 | B25: 6 | C25: JUN | D25: Western District | E25: 30 | F25: 0.58 | G25: 37,5 | H25: 12,6 | I25: 70 | J25: 39 | K25: 40 | L25: 140 | M25: 49 | N25: 47 | O25: 115 | P25: 50 | Q25: 55 | R25: 39 | S25: 26 | T25: 97 | U25: 70 | V25: 354 | W25: 222 | X25: 562 | Y25: 337 | Z25: 101 | AA25: 35 | AB25: 194 | AC25: 21 | AD25: 119 | AE25: 8
A26: 2025 | B26: 7 | C26: JUL | D26: Northern District | E26: 102 | F26: 0.76 | G26: 127,5 | H26: 28,35 | I26: 39 | J26: 79 | K26: 71 | L26: 131 | M26: 101 | N26: 128 | O26: 46 | P26: 101 | Q26: 75 | R26: 87 | S26: 41 | T26: 73 | U26: 120 | V26: 206 | W26: 144 | X26: 195 | Y26: 39 | Z26: 76 | AA26: 57 | AB26: 188 | AC26: 364 | AD26: 21 | AE26: 118
A27: 2025 | B27: 7 | C27: JUL | D27: Eastern District | E27: 84 | F27: 0.6 | G27: 105 | H27: 44,1 | I27: 66 | J27: 75 | K27: 88 | L27: 77 | M27: 100 | N27: 97 | O27: 79 | P27: 91 | Q27: 124 | R27: 94 | S27: 49 | T27: 73 | U27: 25 | V27: 202 | W27: 76 | X27: 395 | Y27: 10 | Z27: 53 | AA27: 119 | AB27: 240 | AC27: 282 | AD27: 116 | AE27: 68
A28: 2025 | B28: 7 | C28: JUL | D28: Southern District | E28: 54 | F28: 0.44 | G28: 67,5 | H28: 56,7 | I28: 37 | J28: 86 | K28: 101 | L28: 113 | M28: 55 | N28: 92 | O28: 134 | P28: 74 | Q28: 133 | R28: 74 | S28: 68 | T28: 96 | U28: 125 | V28: 319 | W28: 80 | X28: 172 | Y28: 108 | Z28: 122 | AA28: 86 | AB28: 152 | AC28: 25 | AD28: 220 | AE28: 165
A29: 2025 | B29: 7 | C29: JUL | D29: Western District | E29: 100 | F29: 0.79 | G29: 125 | H29: 42 | I29: 61 | J29: 112 | K29: 94 | L29: 104 | M29: 52 | N29: 122 | O29: 112 | P29: 62 | Q29: 148 | R29: 51 | S29: 35 | T29: 69 | U29: 110 | V29: 182 | W29: 315 | X29: 17 | Y29: 15 | Z29: 214 | AA29: 75 | AB29: 752 | AC29: 84 | AD29: 158 | AE29: 182
A30: 2025 | B30: 8 | C30: AUG | D30: Northern District | E30: 90 | F30: 0.55 | G30: 112,5 | H30: 55,65 | I30: 80 | J30: 89 | K30: 44 | L30: 113 | M30: 44 | N30: 45 | O30: 134 | P30: 110 | Q30: 126 | R30: 52 | S30: 46 | T30: 88 | U30: 38 | V30: 232 | W30: 40 | X30: 192 | Y30: 30 | Z30: 241 | AA30: 263 | AB30: 452 | AC30: 95 | AD30: 62 | AE30: 53
A31: 2025 | B31: 8 | C31: AUG | D31: Eastern District | E31: 98 | F31: 0.34 | G31: 122,5 | H31: 43,05 | I31: 58 | J31: 65 | K31: 53 | L31: 134 | M31: 93 | N31: 125 | O31: 125 | P31: 63 | Q31: 142 | R31: 53 | S31: 56 | T31: 91 | U31: 68 | V31: 85 | W31: 138 | X31: 110 | Y31: 39 | Z31: 140 | AA31: 135 | AB31: 594 | AC31: 76 | AD31: 164 | AE31: 31
A32: 2025 | B32: 8 | C32: AUG | D32: Southern District | E32: 89 | F32: 0.3 | G32: 111,25 | H32: 33,6 | I32: 50 | J32: 97 | K32: 97 | L32: 110 | M32: 102 | N32: 122 | O32: 115 | P32: 123 | Q32: 87 | R32: 50 | S32: 58 | T32: 94 | U32: 112 | V32: 104 | W32: 116 | X32: 730 | Y32: 334 | Z32: 44 | AA32: 86 | AB32: 124 | AC32: 162 | AD32: 184 | AE32: 23
A33: 2025 | B33: 8 | C33: AUG | D33: Western District | E33: 75 | F33: 0.71 | G33: 93,75 | H33: 32,55 | I33: 47 | J33: 63 | K33: 80 | L33: 121 | M33: 60 | N33: 124 | O33: 98 | P33: 85 | Q33: 79 | R33: 38 | S33: 50 | T33: 94 | U33: 102 | V33: 39 | W33: 205 | X33: 197 | Y33: 49 | Z33: 150 | AA33: 276 | AB33: 422 | AC33: 56 | AD33: 205 | AE33: 9
A34: 2025 | B34: 9 | C34: SEP | D34: Northern District | E34: 72 | F34: 0.43 | G34: 90 | H34: 29,4 | I34: 78 | J34: 85 | K34: 78 | L34: 83 | M34: 54 | N34: 86 | O34: 60 | P34: 62 | Q34: 57 | R34: 71 | S34: 64 | T34: 46 | U34: 96 | V34: 417 | W34: 28 | X34: 275 | Y34: 359 | Z34: 192 | AA34: 149 | AB34: 50 | AC34: 200 | AD34: 9 | AE34: 20
A35: 2025 | B35: 9 | C35: SEP | D35: Eastern District | E35: 52 | F35: 0.54 | G35: 65 | H35: 58,8 | I35: 51 | J35: 107 | K35: 66 | L35: 96 | M35: 85 | N35: 78 | O35: 124 | P35: 60 | Q35: 59 | R35: 79 | S35: 30 | T35: 70 | U35: 36 | V35: 136 | W35: 315 | X35: 725 | Y35: 80 | Z35: 199 | AA35: 90 | AB35: 320 | AC35: 44 | AD35: 207 | AE35: 11
A36: 2025 | B36: 9 | C36: SEP | D36: Southern District | E36: 56 | F36: 0.51 | G36: 70 | H36: 58,8 | I36: 29 | J36: 88 | K36: 39 | L36: 119 | M36: 90 | N36: 70 | O36: 56 | P36: 61 | Q36: 130 | R36: 43 | S36: 55 | T36: 97 | U36: 96 | V36: 343 | W36: 284 | X36: 190 | Y36: 120 | Z36: 288 | AA36: 48 | AB36: 148 | AC36: 98 | AD36: 131 | AE36: 60
A37: 2025 | B37: 9 | C37: SEP | D37: Western District | E37: 40 | F37: 0.79 | G37: 50 | H37: 30,45 | I37: 63 | J37: 99 | K37: 35 | L37: 85 | M37: 71 | N37: 67 | O37: 62 | P37: 126 | Q37: 122 | R37: 50 | S37: 60 | T37: 75 | U37: 52 | V37: 417 | W37: 141 | X37: 840 | Y37: 187 | Z37: 100 | AA37: 86 | AB37: 44 | AC37: 56 | AD37: 160 | AE37: 50
A38: 2025 | B38: 10 | C38: OCT | D38: Northern District | E38: 74 | F38: 0.69 | G38: 92,5 | H38: 29,4 | I38: 67 | J38: 99 | K38: 40 | L38: 80 | M38: 93 | N38: 111 | O38: 134 | P38: 111 | Q38: 126 | R38: 60 | S38: 60 | T38: 56 | U38: 134 | V38: 172 | W38: 54 | X38: 937 | Y38: 98 | Z38: 211 | AA38: 215 | AB38: 44 | AC38: 68 | AD38: 21 | AE38: 25
A39: 2025 | B39: 10 | C39: OCT | D39: Eastern District | E39: 22 | F39: 0.46 | G39: 27,5 | H39: 56,7 | I39: 36 | J39: 77 | K39: 90 | L39: 90 | M39: 39 | N39: 68 | O39: 90 | P39: 106 | Q39: 68 | R39: 69 | S39: 53 | T39: 77 | U39: 78 | V39: 159 | W39: 4 | X39: 295 | Y39: 129 | Z39: 18 | AA39: 130 | AB39: 60 | AC39: 328 | AD39: 20 | AE39: 96
A40: 2025 | B40: 10 | C40: OCT | D40: Southern District | E40: 92 | F40: 0.61 | G40: 115 | H40: 47,25 | I40: 48 | J40: 104 | K40: 88 | L40: 135 | M40: 74 | N40: 104 | O40: 57 | P40: 112 | Q40: 122 | R40: 58 | S40: 43 | T40: 80 | U40: 63 | V40: 128 | W40: 66 | X40: 115 | Y40: 180 | Z40: 183 | AA40: 183 | AB40: 440 | AC40: 98 | AD40: 158 | AE40: 47
A41: 2025 | B41: 10 | C41: OCT | D41: Western District | E41: 92 | F41: 0.77 | G41: 115 | H41: 17,85 | I41: 47 | J41: 112 | K41: 68 | L41: 72 | M41: 41 | N41: 110 | O41: 69 | P41: 54 | Q41: 79 | R41: 98 | S41: 65 | T41: 46 | U41: 45 | V41: 338 | W41: 264 | X41: 577 | Y41: 43 | Z41: 52 | AA41: 63 | AB41: 288 | AC41: 44 | AD41: 130 | AE41: 105
A42: 2025 | B42: 11 | C42: NOV | D42: Northern District | E42: 87 | F42: 0.53 | G42: 108,75 | H42: 37,8 | I42: 81 | J42: 39 | K42: 97 | L42: 88 | M42: 105 | N42: 89 | O42: 95 | P42: 75 | Q42: 124 | R42: 78 | S42: 28 | T42: 44 | U42: 121 | V42: 35 | W42: 66 | X42: 415 | Y42: 72 | Z42: 115 | AA42: 83 | AB42: 408 | AC42: 303 | AD42: 136 | AE42: 12
A43: 2025 | B43: 11 | C43: NOV | D43: Eastern District | E43: 40 | F43: 0.67 | G43: 50 | H43: 57,75 | I43: 55 | J43: 45 | K43: 53 | L43: 114 | M43: 107 | N43: 69 | O43: 66 | P43: 59 | Q43: 81 | R43: 70 | S43: 57 | T43: 67 | U43: 98 | V43: 10 | W43: 234 | X43: 697 | Y43: 182 | Z43: 278 | AA43: 123 | AB43: 114 | AC43: 92 | AD43: 152 | AE43: 84
A44: 2025 | B44: 11 | C44: NOV | D44: Southern District | E44: 71 | F44: 0.47 | G44: 88,75 | H44: 25,2 | I44: 57 | J44: 94 | K44: 63 | L44: 143 | M44: 83 | N44: 74 | O44: 47 | P44: 58 | Q44: 137 | R44: 94 | S44: 37 | T44: 74 | U44: 21 | V44: 97 | W44: 133 | X44: 255 | Y44: 62 | Z44: 67 | AA44: 58 | AB44: 700 | AC44: 232 | AD44: 106 | AE44: 165
A45: 2025 | B45: 11 | C45: NOV | D45: Western District | E45: 34 | F45: 0.73 | G45: 42,5 | H45: 34,65 | I45: 29 | J45: 94 | K45: 36 | L45: 105 | M45: 65 | N45: 68 | O45: 52 | P45: 94 | Q45: 140 | R45: 71 | S45: 74 | T45: 72 | U45: 60 | V45: 176 | W45: 222 | X45: 472 | Y45: 23 | Z45: 29 | AA45: 61 | AB45: 410 | AC45: 263 | AD45: 135 | AE45: 62
A46: 2025 | B46: 12 | C46: DEC | D46: Northern District | E46: 90 | F46: 0.58 | G46: 112,5 | H46: 12,6 | I46: 61 | J46: 79 | K46: 94 | L46: 77 | M46: 50 | N46: 110 | O46: 106 | P46: 119 | Q46: 148 | R46: 50 | S46: 53 | T46: 72 | U46: 82 | V46: 283 | W46: 37 | X46: 265 | Y46: 190 | Z46: 88 | AA46: 125 | AB46: 344 | AC46: 138 | AD46: 13 | AE46: 47
A47: 2025 | B47: 12 | C47: DEC | D47: Eastern District | E47: 101 | F47: 0.59 | G47: 126,25 | H47: 18,9 | I47: 57 | J47: 84 | K47: 85 | L47: 138 | M47: 111 | N47: 44 | O47: 133 | P47: 120 | Q47: 111 | R47: 84 | S47: 74 | T47: 53 | U47: 115 | V47: 235 | W47: 191 | X47: 220 | Y47: 338 | Z47: 75 | AA47: 133 | AB47: 128 | AC47: 6 | AD47: 151 | AE47: 68
A48: 2025 | B48: 12 | C48: DEC | D48: Southern District | E48: 58 | F48: 0.3 | G48: 72,5 | H48: 57,75 | I48: 59 | J48: 73 | K48: 96 | L48: 135 | M48: 71 | N48: 116 | O48: 113 | P48: 70 | Q48: 144 | R48: 86 | S48: 71 | T48: 37 | U48: 97 | V48: 63 | W48: 17 | X48: 592 | Y48: 194 | Z48: 145 | AA48: 234 | AB48: 24 | AC48: 63 | AD48: 154 | AE48: 60
A49: 2025 | B49: 12 | C49: DEC | D49: Western District | E49: 51 | F49: 0.35 | G49: 63,75 | H49: 17,85 | I49: 66 | J49: 69 | K49: 48 | L49: 80 | M49: 41 | N49: 126 | O49: 111 | P49: 83 | Q49: 114 | R49: 94 | S49: 72 | T49: 33 | U49: 66 | V49: 119 | W49: 47 | X49: 492 | Y49: 16 | Z49: 337 | AA49: 55 | AB49: 270 | AC49: 63 | AD49: 74 | AE49: 174
A50: 2024 | B50: 1 | C50: JAN | D50: Northern District | E50: 29 | F50: 0.51 | G50: 82,5 | H50: 16,8 | I50: 68 | J50: 131 | K50: 32 | L50: 120 | M50: 37 | N50: 39 | O50: 66 | P50: 50 | Q50: 134 | R50: 62 | S50: 94 | T50: 112 | U50: 75 | V50: 352 | W50: 103 | X50: 325 | Y50: 286 | Z50: 374 | AA50: 7 | AB50: 26 | AC50: 12 | AD50: 111 | AE50: 345
A51: 2024 | B51: 1 | C51: JAN | D51: Eastern District | E51: 65 | F51: 0.4 | G51: 76,25 | H51: 27,3 | I51: 138 | J51: 37 | K51: 39 | L51: 82 | M51: 51 | N51: 65 | O51: 96 | P51: 63 | Q51: 62 | R51: 44 | S51: 65 | T51: 54 | U51: 36 | V51: 52 | W51: 358 | X51: 454 | Y51: 33 | Z51: 354 | AA51: 225 | AB51: 30 | AC51: 23 | AD51: 382 | AE51: 68
A52: 2024 | B52: 1 | C52: JAN | D52: Southern District | E52: 36 | F52: 0.29 | G52: 38,75 | H52: 25,2 | I52: 90 | J52: 103 | K52: 50 | L52: 50 | M52: 76 | N52: 35 | O52: 36 | P52: 49 | Q52: 54 | R52: 73 | S52: 71 | T52: 77 | U52: 90 | V52: 106 | W52: 216 | X52: 420 | Y52: 45 | Z52: 197 | AA52: 139 | AB52: 73 | AC52: 232 | AD52: 165 | AE52: 178
A53: 2024 | B53: 1 | C53: JAN | D53: Western District | E53: 51 | F53: 0.28 | G53: 128,75 | H53: 10,5 | I53: 140 | J53: 57 | K53: 81 | L53: 92 | M53: 91 | N53: 97 | O53: 55 | P53: 115 | Q53: 59 | R53: 74 | S53: 45 | T53: 81 | U53: 77 | V53: 286 | W53: 90 | X53: 191 | Y53: 246 | Z53: 237 | AA53: 146 | AB53: 210 | AC53: 119 | AD53: 98 | AE53: 189
A54: 2024 | B54: 2 | C54: FEB | D54: Northern District | E54: 80 | F54: 0.46 | G54: 152,5 | H54: 48,3 | I54: 69 | J54: 117 | K54: 96 | L54: 35 | M54: 67 | N54: 43 | O54: 58 | P54: 71 | Q54: 84 | R54: 87 | S54: 106 | T54: 60 | U54: 40 | V54: 101 | W54: 39 | X54: 40 | Y54: 13 | Z54: 18 | AA54: 152 | AB54: 62 | AC54: 122 | AD54: 134 | AE54: 10
A55: 2024 | B55: 2 | C55: FEB | D55: Eastern District | E55: 94 | F55: 0.54 | G55: 76,25 | H55: 48,3 | I55: 98 | J55: 118 | K55: 70 | L55: 54 | M55: 43 | N55: 49 | O55: 138 | P55: 77 | Q55: 78 | R55: 89 | S55: 40 | T55: 56 | U55: 82 | V55: 178 | W55: 151 | X55: 184 | Y55: 125 | Z55: 146 | AA55: 85 | AB55: 468 | AC55: 31 | AD55: 48 | AE55: 93
A56: 2024 | B56: 2 | C56: FEB | D56: Southern District | E56: 96 | F56: 0.49 | G56: 50 | H56: 32,55 | I56: 54 | J56: 89 | K56: 79 | L56: 90 | M56: 113 | N56: 114 | O56: 71 | P56: 37 | Q56: 39 | R56: 108 | S56: 83 | T56: 135 | U56: 97 | V56: 197 | W56: 261 | X56: 114 | Y56: 89 | Z56: 484 | AA56: 200 | AB56: 216 | AC56: 35 | AD56: 128 | AE56: 81
A57: 2024 | B57: 2 | C57: FEB | D57: Western District | E57: 44 | F57: 0.41 | G57: 73,75 | H57: 39,9 | I57: 125 | J57: 98 | K57: 123 | L57: 60 | M57: 100 | N57: 45 | O57: 59 | P57: 79 | Q57: 61 | R57: 65 | S57: 42 | T57: 49 | U57: 55 | V57: 210 | W57: 3 | X57: 302 | Y57: 16 | Z57: 82 | AA57: 52 | AB57: 137 | AC57: 274 | AD57: 340 | AE57: 173
A58: 2024 | B58: 3 | C58: MAR | D58: Northern District | E58: 109 | F58: 0.54 | G58: 107,5 | H58: 12,6 | I58: 42 | J58: 98 | K58: 53 | L58: 47 | M58: 102 | N58: 102 | O58: 84 | P58: 108 | Q58: 96 | R58: 113 | S58: 87 | T58: 35 | U58: 105 | V58: 68 | W58: 340 | X58: 138 | Y58: 456 | Z58: 97 | AA58: 31 | AB58: 23 | AC58: 46 | AD58: 75 | AE58: 349
A59: 2024 | B59: 3 | C59: MAR | D59: Eastern District | E59: 29 | F59: 0.48 | G59: 110 | H59: 19,95 | I59: 70 | J59: 77 | K59: 97 | L59: 52 | M59: 43 | N59: 141 | O59: 71 | P59: 25 | Q59: 113 | R59: 80 | S59: 75 | T59: 30 | U59: 66 | V59: 156 | W59: 467 | X59: 15 | Y59: 354 | Z59: 71 | AA59: 40 | AB59: 43 | AC59: 67 | AD59: 163 | AE59: 57
A60: 2024 | B60: 3 | C60: MAR | D60: Southern District | E60: 28 | F60: 0.25 | G60: 155 | H60: 24,15 | I60: 86 | J60: 82 | K60: 101 | L60: 68 | M60: 131 | N60: 61 | O60: 80 | P60: 39 | Q60: 91 | R60: 35 | S60: 40 | T60: 98 | U60: 47 | V60: 179 | W60: 65 | X60: 196 | Y60: 371 | Z60: 526 | AA60: 221 | AB60: 25 | AC60: 345 | AD60: 61 | AE60: 282
A61: 2024 | B61: 3 | C61: MAR | D61: Western District | E61: 125 | F61: 0.49 | G61: 126,25 | H61: 38,85 | I61: 102 | J61: 52 | K61: 76 | L61: 56 | M61: 75 | N61: 63 | O61: 86 | P61: 67 | Q61: 67 | R61: 77 | S61: 43 | T61: 73 | U61: 37 | V61: 5 | W61: 188 | X61: 157 | Y61: 61 | Z61: 148 | AA61: 270 | AB61: 113 | AC61: 151 | AD61: 152 | AE61: 368
A62: 2024 | B62: 4 | C62: APR | D62: Northern District | E62: 28 | F62: 0.41 | G62: 42,5 | H62: 59,85 | I62: 124 | J62: 31 | K62: 121 | L62: 36 | M62: 118 | N62: 108 | O62: 53 | P62: 37 | Q62: 77 | R62: 36 | S62: 133 | T62: 79 | U62: 117 | V62: 429 | W62: 241 | X62: 60 | Y62: 422 | Z62: 28 | AA62: 50 | AB62: 117 | AC62: 39 | AD62: 20 | AE62: 78
A63: 2024 | B63: 4 | C63: APR | D63: Eastern District | E63: 98 | F63: 0.38 | G63: 108,75 | H63: 57,75 | I63: 53 | J63: 55 | K63: 48 | L63: 69 | M63: 102 | N63: 127 | O63: 47 | P63: 62 | Q63: 84 | R63: 75 | S63: 63 | T63: 56 | U63: 58 | V63: 229 | W63: 197 | X63: 69 | Y63: 225 | Z63: 57 | AA63: 338 | AB63: 212 | AC63: 25 | AD63: 63 | AE63: 36
A64: 2024 | B64: 4 | C64: APR | D64: Southern District | E64: 55 | F64: 0.2 | G64: 36,25 | H64: 19,95 | I64: 105 | J64: 118 | K64: 87 | L64: 45 | M64: 54 | N64: 94 | O64: 47 | P64: 101 | Q64: 56 | R64: 80 | S64: 47 | T64: 103 | U64: 82 | V64: 67 | W64: 135 | X64: 291 | Y64: 21 | Z64: 28 | AA64: 542 | AB64: 22 | AC64: 53 | AD64: 168 | AE64: 168
A65: 2024 | B65: 4 | C65: APR | D65: Western District | E65: 42 | F65: 0.46 | G65: 153,75 | H65: 46,2 | I65: 36 | J65: 102 | K65: 37 | L65: 99 | M65: 126 | N65: 74 | O65: 102 | P65: 52 | Q65: 47 | R65: 47 | S65: 102 | T65: 81 | U65: 92 | V65: 230 | W65: 100 | X65: 85 | Y65: 26 | Z65: 42 | AA65: 93 | AB65: 130 | AC65: 56 | AD65: 203 | AE65: 245
A66: 2024 | B66: 5 | C66: MAY | D66: Northern District | E66: 72 | F66: 0.5 | G66: 33,75 | H66: 50,4 | I66: 110 | J66: 52 | K66: 29 | L66: 95 | M66: 122 | N66: 67 | O66: 63 | P66: 64 | Q66: 61 | R66: 38 | S66: 58 | T66: 107 | U66: 110 | V66: 43 | W66: 355 | X66: 57 | Y66: 176 | Z66: 148 | AA66: 35 | AB66: 38 | AC66: 32 | AD66: 175 | AE66: 154
A67: 2024 | B67: 5 | C67: MAY | D67: Eastern District | E67: 31 | F67: 0.48 | G67: 137,5 | H67: 57,75 | I67: 56 | J67: 63 | K67: 117 | L67: 114 | M67: 32 | N67: 116 | O67: 36 | P67: 126 | Q67: 61 | R67: 60 | S67: 46 | T67: 73 | U67: 68 | V67: 65 | W67: 435 | X67: 80 | Y67: 566 | Z67: 15 | AA67: 21 | AB67: 259 | AC67: 317 | AD67: 367 | AE67: 334
A68: 2024 | B68: 5 | C68: MAY | D68: Southern District | E68: 65 | F68: 0.64 | G68: 150 | H68: 19,95 | I68: 93 | J68: 55 | K68: 86 | L68: 94 | M68: 83 | N68: 96 | O68: 71 | P68: 77 | Q68: 51 | R68: 71 | S68: 57 | T68: 127 | U68: 94 | V68: 44 | W68: 62 | X68: 86 | Y68: 222 | Z68: 43 | AA68: 40 | AB68: 112 | AC68: 57 | AD68: 372 | AE68: 116
A69: 2024 | B69: 5 | C69: MAY | D69: Western District | E69: 28 | F69: 0.46 | G69: 157,5 | H69: 10,5 | I69: 99 | J69: 54 | K69: 34 | L69: 57 | M69: 41 | N69: 27 | O69: 58 | P69: 77 | Q69: 39 | R69: 60 | S69: 61 | T69: 117 | U69: 120 | V69: 184 | W69: 305 | X69: 420 | Y69: 93 | Z69: 163 | AA69: 25 | AB69: 240 | AC69: 132 | AD69: 83 | AE69: 145
A70: 2024 | B70: 6 | C70: JUN | D70: Northern District | E70: 126 | F70: 0.57 | G70: 148,75 | H70: 35,7 | I70: 89 | J70: 73 | K70: 95 | L70: 95 | M70: 99 | N70: 124 | O70: 50 | P70: 80 | Q70: 64 | R70: 107 | S70: 79 | T70: 65 | U70: 34 | V70: 566 | W70: 637 | X70: 35 | Y70: 112 | Z70: 93 | AA70: 102 | AB70: 120 | AC70: 138 | AD70: 136 | AE70: 46
A71: 2024 | B71: 6 | C71: JUN | D71: Eastern District | E71: 61 | F71: 0.66 | G71: 96,25 | H71: 58,8 | I71: 71 | J71: 99 | K71: 68 | L71: 57 | M71: 60 | N71: 89 | O71: 94 | P71: 45 | Q71: 136 | R71: 71 | S71: 77 | T71: 70 | U71: 111 | V71: 232 | W71: 126 | X71: 79 | Y71: 342 | Z71: 5 | AA71: 114 | AB71: 132 | AC71: 5 | AD71: 105 | AE71: 64
A72: 2024 | B72: 6 | C72: JUN | D72: Southern District | E72: 113 | F72: 0.23 | G72: 145 | H72: 19,95 | I72: 96 | J72: 103 | K72: 91 | L72: 125 | M72: 61 | N72: 136 | O72: 53 | P72: 58 | Q72: 115 | R72: 62 | S72: 73 | T72: 49 | U72: 125 | V72: 75 | W72: 16 | X72: 100 | Y72: 142 | Z72: 91 | AA72: 134 | AB72: 267 | AC72: 314 | AD72: 22 | AE72: 72
A73: 2024 | B73: 6 | C73: JUN | D73: Western District | E73: 117 | F73: 0.64 | G73: 57,5 | H73: 23,1 | I73: 103 | J73: 40 | K73: 109 | L73: 64 | M73: 94 | N73: 54 | O73: 80 | P73: 93 | Q73: 44 | R73: 73 | S73: 119 | T73: 44 | U73: 50 | V73: 19 | W73: 273 | X73: 43 | Y73: 116 | Z73: 80 | AA73: 225 | AB73: 160 | AC73: 114 | AD73: 146 | AE73: 33
A74: 2024 | B74: 7 | C74: JUL | D74: Northern District | E74: 46 | F74: 0.25 | G74: 146,25 | H74: 46,2 | I74: 60 | J74: 44 | K74: 97 | L74: 131 | M74: 65 | N74: 96 | O74: 72 | P74: 55 | Q74: 48 | R74: 115 | S74: 80 | T74: 60 | U74: 98 | V74: 72 | W74: 95 | X74: 162 | Y74: 51 | Z74: 231 | AA74: 128 | AB74: 44 | AC74: 48 | AD74: 172 | AE74: 120
A75: 2024 | B75: 7 | C75: JUL | D75: Eastern District | E75: 116 | F75: 0.46 | G75: 141,25 | H75: 24,15 | I75: 55 | J75: 58 | K75: 92 | L75: 79 | M75: 84 | N75: 45 | O75: 147 | P75: 63 | Q75: 46 | R75: 79 | S75: 69 | T75: 83 | U75: 66 | V75: 50 | W75: 143 | X75: 234 | Y75: 144 | Z75: 44 | AA75: 170 | AB75: 210 | AC75: 38 | AD75: 255 | AE75: 27
A76: 2024 | B76: 7 | C76: JUL | D76: Southern District | E76: 77 | F76: 0.5 | G76: 76,25 | H76: 61,95 | I76: 51 | J76: 42 | K76: 35 | L76: 96 | M76: 54 | N76: 41 | O76: 63 | P76: 121 | Q76: 44 | R76: 54 | S76: 79 | T76: 60 | U76: 27 | V76: 111 | W76: 39 | X76: 40 | Y76: 285 | Z76: 180 | AA76: 165 | AB76: 377 | AC76: 42 | AD76: 76 | AE76: 63
A77: 2024 | B77: 7 | C77: JUL | D77: Western District | E77: 119 | F77: 0.52 | G77: 157,5 | H77: 51,45 | I77: 40 | J77: 69 | K77: 93 | L77: 134 | M77: 107 | N77: 46 | O77: 38 | P77: 113 | Q77: 54 | R77: 42 | S77: 133 | T77: 49 | U77: 86 | V77: 60 | W77: 231 | X77: 210 | Y77: 44 | Z77: 84 | AA77: 237 | AB77: 76 | AC77: 11 | AD77: 110 | AE77: 122
A78: 2024 | B78: 8 | C78: AUG | D78: Northern District | E78: 126 | F78: 0.48 | G78: 35 | H78: 43,05 | I78: 89 | J78: 76 | K78: 25 | L78: 70 | M78: 103 | N78: 71 | O78: 136 | P78: 83 | Q78: 41 | R78: 76 | S78: 86 | T78: 82 | U78: 105 | V78: 103 | W78: 154 | X78: 92 | Y78: 83 | Z78: 208 | AA78: 360 | AB78: 140 | AC78: 427 | AD78: 396 | AE78: 281
A79: 2024 | B79: 8 | C79: AUG | D79: Eastern District | E79: 120 | F79: 0.46 | G79: 81,25 | H79: 38,85 | I79: 69 | J79: 65 | K79: 57 | L79: 42 | M79: 71 | N79: 70 | O79: 42 | P79: 27 | Q79: 141 | R79: 134 | S79: 48 | T79: 74 | U79: 17 | V79: 59 | W79: 132 | X79: 372 | Y79: 83 | Z79: 75 | AA79: 250 | AB79: 145 | AC79: 355 | AD79: 292 | AE79: 448
A80: 2024 | B80: 8 | C80: AUG | D80: Southern District | E80: 110 | F80: 0.58 | G80: 38,75 | H80: 25,2 | I80: 41 | J80: 49 | K80: 60 | L80: 57 | M80: 38 | N80: 51 | O80: 36 | P80: 97 | Q80: 98 | R80: 71 | S80: 77 | T80: 82 | U80: 74 | V80: 672 | W80: 16 | X80: 177 | Y80: 110 | Z80: 180 | AA80: 161 | AB80: 188 | AC80: 198 | AD80: 54 | AE80: 136
A81: 2024 | B81: 8 | C81: AUG | D81: Western District | E81: 27 | F81: 0.26 | G81: 90 | H81: 27,3 | I81: 48 | J81: 49 | K81: 62 | L81: 93 | M81: 69 | N81: 63 | O81: 112 | P81: 51 | Q81: 74 | R81: 74 | S81: 74 | T81: 75 | U81: 63 | V81: 46 | W81: 55 | X81: 147 | Y81: 94 | Z81: 140 | AA81: 65 | AB81: 107 | AC81: 16 | AD81: 139 | AE81: 660
A82: 2024 | B82: 9 | C82: SEP | D82: Northern District | E82: 123 | F82: 0.41 | G82: 52,5 | H82: 21 | I82: 78 | J82: 42 | K82: 60 | L82: 92 | M82: 99 | N82: 82 | O82: 75 | P82: 120 | Q82: 59 | R82: 126 | S82: 65 | T82: 53 | U82: 101 | V82: 83 | W82: 156 | X82: 131 | Y82: 93 | Z82: 133 | AA82: 40 | AB82: 85 | AC82: 197 | AD82: 187 | AE82: 200
A83: 2024 | B83: 9 | C83: SEP | D83: Eastern District | E83: 29 | F83: 0.6 | G83: 68,75 | H83: 55,65 | I83: 85 | J83: 44 | K83: 91 | L83: 88 | M83: 69 | N83: 35 | O83: 138 | P83: 81 | Q83: 111 | R83: 92 | S83: 119 | T83: 102 | U83: 121 | V83: 9 | W83: 232 | X83: 38 | Y83: 220 | Z83: 290 | AA83: 9 | AB83: 412 | AC83: 173 | AD83: 97 | AE83: 133
A84: 2024 | B84: 9 | C84: SEP | D84: Southern District | E84: 87 | F84: 0.41 | G84: 122,5 | H84: 27,3 | I84: 90 | J84: 87 | K84: 126 | L84: 125 | M84: 100 | N84: 52 | O84: 59 | P84: 78 | Q84: 72 | R84: 60 | S84: 52 | T84: 76 | U84: 93 | V84: 206 | W84: 49 | X84: 88 | Y84: 208 | Z84: 14 | AA84: 10 | AB84: 33 | AC84: 31 | AD84: 947 | AE84: 316
A85: 2024 | B85: 9 | C85: SEP | D85: Western District | E85: 34 | F85: 0.59 | G85: 35 | H85: 32,55 | I85: 57 | J85: 68 | K85: 82 | L85: 52 | M85: 92 | N85: 32 | O85: 111 | P85: 30 | Q85: 90 | R85: 72 | S85: 106 | T85: 83 | U85: 51 | V85: 230 | W85: 149 | X85: 115 | Y85: 89 | Z85: 136 | AA85: 9 | AB85: 136 | AC85: 112 | AD85: 43 | AE85: 86
A86: 2024 | B86: 10 | C86: OCT | D86: Northern District | E86: 101 | F86: 0.52 | G86: 156,25 | H86: 57,75 | I86: 38 | J86: 100 | K86: 80 | L86: 68 | M86: 111 | N86: 85 | O86: 62 | P86: 52 | Q86: 65 | R86: 29 | S86: 117 | T86: 105 | U86: 106 | V86: 257 | W86: 98 | X86: 83 | Y86: 28 | Z86: 194 | AA86: 143 | AB86: 157 | AC86: 52 | AD86: 326 | AE86: 329
A87: 2024 | B87: 10 | C87: OCT | D87: Eastern District | E87: 124 | F87: 0.22 | G87: 35 | H87: 53,55 | I87: 30 | J87: 106 | K87: 87 | L87: 125 | M87: 37 | N87: 54 | O87: 48 | P87: 38 | Q87: 70 | R87: 104 | S87: 96 | T87: 32 | U87: 112 | V87: 36 | W87: 343 | X87: 303 | Y87: 312 | Z87: 637 | AA87: 363 | AB87: 156 | AC87: 16 | AD87: 21 | AE87: 40
A88: 2024 | B88: 10 | C88: OCT | D88: Southern District | E88: 88 | F88: 0.22 | G88: 36,25 | H88: 54,6 | I88: 84 | J88: 72 | K88: 73 | L88: 34 | M88: 48 | N88: 72 | O88: 92 | P88: 87 | Q88: 96 | R88: 57 | S88: 67 | T88: 138 | U88: 126 | V88: 78 | W88: 192 | X88: 64 | Y88: 71 | Z88: 425 | AA88: 228 | AB88: 127 | AC88: 78 | AD88: 78 | AE88: 162
A89: 2024 | B89: 10 | C89: OCT | D89: Western District | E89: 86 | F89: 0.23 | G89: 136,25 | H89: 17,85 | I89: 71 | J89: 123 | K89: 99 | L89: 60 | M89: 79 | N89: 91 | O89: 46 | P89: 93 | Q89: 113 | R89: 74 | S89: 41 | T89: 107 | U89: 96 | V89: 34 | W89: 135 | X89: 306 | Y89: 170 | Z89: 68 | AA89: 110 | AB89: 46 | AC89: 7 | AD89: 60 | AE89: 249
A90: 2024 | B90: 11 | C90: NOV | D90: Northern District | E90: 59 | F90: 0.64 | G90: 55 | H90: 29,4 | I90: 125 | J90: 106 | K90: 74 | L90: 60 | M90: 115 | N90: 103 | O90: 88 | P90: 41 | Q90: 100 | R90: 103 | S90: 138 | T90: 43 | U90: 99 | V90: 100 | W90: 283 | X90: 76 | Y90: 71 | Z90: 23 | AA90: 311 | AB90: 52 | AC90: 32 | AD90: 25 | AE90: 55
A91: 2024 | B91: 11 | C91: NOV | D91: Eastern District | E91: 40 | F91: 0.68 | G91: 120 | H91: 33,6 | I91: 52 | J91: 64 | K91: 67 | L91: 77 | M91: 69 | N91: 127 | O91: 68 | P91: 91 | Q91: 69 | R91: 113 | S91: 102 | T91: 63 | U91: 65 | V91: 64 | W91: 116 | X91: 90 | Y91: 23 | Z91: 28 | AA91: 196 | AB91: 175 | AC91: 18 | AD91: 158 | AE91: 255
A92: 2024 | B92: 11 | C92: NOV | D92: Southern District | E92: 61 | F92: 0.53 | G92: 117,5 | H92: 61,95 | I92: 75 | J92: 73 | K92: 52 | L92: 100 | M92: 92 | N92: 36 | O92: 81 | P92: 95 | Q92: 67 | R92: 77 | S92: 66 | T92: 105 | U92: 118 | V92: 140 | W92: 151 | X92: 96 | Y92: 377 | Z92: 200 | AA92: 76 | AB92: 77 | AC92: 176 | AD92: 220 | AE92: 58
A93: 2024 | B93: 11 | C93: NOV | D93: Western District | E93: 122 | F93: 0.44 | G93: 100 | H93: 18,9 | I93: 134 | J93: 62 | K93: 122 | L93: 73 | M93: 86 | N93: 101 | O93: 68 | P93: 62 | Q93: 41 | R93: 88 | S93: 53 | T93: 103 | U93: 78 | V93: 49 | W93: 357 | X93: 15 | Y93: 178 | Z93: 14 | AA93: 182 | AB93: 166 | AC93: 11 | AD93: 77 | AE93: 233
A94: 2024 | B94: 12 | C94: DEC | D94: Northern District | E94: 103 | F94: 0.54 | G94: 63,75 | H94: 39,9 | I94: 83 | J94: 112 | K94: 92 | L94: 73 | M94: 112 | N94: 75 | O94: 60 | P94: 127 | Q94: 111 | R94: 53 | S94: 55 | T94: 67 | U94: 95 | V94: 146 | W94: 85 | X94: 154 | Y94: 177 | Z94: 330 | AA94: 191 | AB94: 93 | AC94: 6 | AD94: 209 | AE94: 315
A95: 2024 | B95: 12 | C95: DEC | D95: Eastern District | E95: 31 | F95: 0.28 | G95: 45 | H95: 38,85 | I95: 122 | J95: 27 | K95: 82 | L95: 46 | M95: 110 | N95: 56 | O95: 47 | P95: 56 | Q95: 43 | R95: 109 | S95: 46 | T95: 91 | U95: 70 | V95: 40 | W95: 74 | X95: 48 | Y95: 365 | Z95: 54 | AA95: 15 | AB95: 292 | AC95: 22 | AD95: 35 | AE95: 38
A96: 2024 | B96: 12 | C96: DEC | D96: Southern District | E96: 61 | F96: 0.31 | G96: 81,25 | H96: 21 | I96: 55 | J96: 48 | K96: 71 | L96: 82 | M96: 63 | N96: 50 | O96: 77 | P96: 98 | Q96: 64 | R96: 66 | S96: 65 | T96: 40 | U96: 110 | V96: 35 | W96: 678 | X96: 38 | Y96: 39 | Z96: 231 | AA96: 206 | AB96: 143 | AC96: 23 | AD96: 235 | AE96: 33
A97: 2024 | B97: 12 | C97: DEC | D97: Western District | E97: 66 | F97: 0.43 | G97: 36,25 | H97: 14,7 | I97: 115 | J97: 55 | K97: 121 | L97: 95 | M97: 63 | N97: 79 | O97: 53 | P97: 61 | Q97: 104 | R97: 125 | S97: 95 | T97: 43 | U97: 66 | V97: 262 | W97: 81 | X97: 74 | Y97: 196 | Z97: 180 | AA97: 138 | AB97: 58 | AC97: 25 | AD97: 134 | AE97: 78
A98: 2023 | B98: 1 | C98: JAN | D98: Northern District | E98: 82 | F98: 0.5 | G98: 103 | H98: 41 | I98: 88 | J98: 71 | K98: 52 | L98: 73 | M98: 79 | N98: 46 | O98: 42 | P98: 37 | Q98: 49 | R98: 104 | S98: 108 | T98: 51 | U98: 41 | V98: 118 | W98: 42 | X98: 940 | Y98: 291 | Z98: 320 | AA98: 71 | AB98: 80 | AC98: 17 | AD98: 42 | AE98: 130
A99: 2023 | B99: 1 | C99: JAN | D99: Eastern District | E99: 56 | F99: 0.77 | G99: 70 | H99: 55 | I99: 74 | J99: 65 | K99: 117 | L99: 48 | M99: 50 | N99: 54 | O99: 87 | P99: 61 | Q99: 119 | R99: 54 | S99: 142 | T99: 128 | U99: 34 | V99: 126 | W99: 75 | X99: 170 | Y99: 149 | Z99: 149 | AA99: 353 | AB99: 114 | AC99: 168 | AD99: 136 | AE99: 49
A100: 2023 | B100: 1 | C100: JAN | D100: Southern District | E100: 76 | F100: 0.48 | G100: 95 | H100: 31 | I100: 44 | J100: 74 | K100: 84 | L100: 90 | M100: 79 | N100: 64 | O100: 35 | P100: 126 | Q100: 108 | R100: 61 | S100: 73 | T100: 72 | U100: 76 | V100: 66 | W100: 165 | X100: 93 | Y100: 170 | Z100: 126 | AA100: 166 | AB100: 5 | AC100: 26 | AD100: 35 | AE100: 5
...

Sheet Pivot
A1: Year | B1: (All) | D1: Year | E1: (All)
A3: Row Labels | B3: Sum of Influx of New Clients | D3: Row Labels | E3: Average of Regular Clients | G3: Row Labels | H3: Sum of Sales | K3: Row Labels | L3: Sum of Sales | M3: Sum of Costs | O3: Sum of Bathroom-I | P3: Sum of Bedroom-I | Q3: Sum of Kitchen-I | R3: Sum of Living-I | S3: Sum of Garden-I | T3: Sum of Decor-I | U3: Sum of Bathroom-S | V3: Sum of Bedroom-S | W3: Sum of Kitchen-S | X3: Sum of Living-S | Y3: Sum of Garden-S | Z3: Sum of Decor-S
A4: 1 | B4: 924 | D4: 1 | E4: 0.5175 | G4: 2022 | H4: 2777 | K4: JAN | L4: 846 | M4: 290 | O4: 13575 | P4: 14840 | Q4: 15033 | R4: 16196 | S4: 15026 | T4: 14953 | U4: 15376 | V4: 15303 | W4: 15865 | X4: 14686 | Y4: 13453 | Z4: 14101
A5: 2 | B5: 929 | D5: 2 | E5: 0.545625 | G5: 2023 | H5: 3827 | K5: FEB | L5: 738 | M5: 232
A6: 3 | B6: 876 | D6: 3 | E6: 0.528125 | G6: 2024 | H6: 1125 | K6: MAR | L6: 710 | M6: 198
A7: 4 | B7: 864 | D7: 4 | E7: 0.528125 | G7: 2025 | H7: 1195 | K7: APR | L7: 549 | M7: 223
A8: 5 | B8: 712 | D8: 5 | E8: 0.50625 | G8: Grand Total | H8: 8924 | K8: MAY | L8: 637 | M8: 218
A9: 6 | B9: 1020 | D9: 6 | E9: 0.51125 | K9: JUN | L9: 633 | M9: 247
A10: 7 | B10: 1167 | D10: 7 | E10: 0.55125 | K10: JUL | L10: 788 | M10: 215
A11: 8 | B11: 1260 | D11: 8 | E11: 0.48625 | K11: AUG | L11: 759 | M11: 228
A12: 9 | B12: 868 | D12: 9 | E12: 0.576875 | K12: SEP | L12: 851 | M12: 245
A13: 10 | B13: 1222 | D13: 10 | E13: 0.520625 | K13: OCT | L13: 1011 | M13: 233
A14: 11 | B14: 957 | D14: 11 | E14: 0.56625 | K14: NOV | L14: 816 | M14: 282
A15: 12 | B15: 1102 | D15: 12 | E15: 0.486875 | K15: DEC | L15: 586 | M15: 291
A16: Grand Total | B16: 11901 | D16: Grand Total | E16: 0.52708333 | K16: Grand Total | L16: 8924 | M16: 2902
A18: Year | B18: (All)
A20: Row Labels | B20: Sum of Influx of New Clients | G20: Row Labels | H20: Sum of Sales | K20: Row Labels | L20: Sum of Sales | M20: Sum of Costs
A21: 1 | B21: 924 | G21: Eastern District | H21: 2283 | K21: JAN | L21: 846 | M21: 290
A22: 2 | B22: 929 | G22: Northern District | H22: 1949 | K22: FEB | L22: 738 | M22: 232 | O22: Sum of Product 1 | P22: Sum of Product 2 | Q22: Sum of Product 3 | R22: Sum of Product 4 | S22: Sum of Product 5 | T22: Sum of Product 6 | U22: Sum of Product 7 | V22: Sum of Product 8 | W22: Sum of Product 9 | X22: Sum of Product 10
A23: 3 | B23: 876 | G23: Southern District | H23: 2568 | K23: MAR | L23: 710 | M23: 198 | O23: 29833 | P23: 30756 | Q23: 44257 | R23: 28948 | S23: 28255 | T23: 25959 | U23: 33084 | V23: 23362 | W23: 29292 | X23: 26322
A24: 4 | B24: 864 | G24: Western District | H24: 2124 | K24: APR | L24: 549 | M24: 223
A25: 5 | B25: 712 | G25: Grand Total | H25: 8924 | K25: MAY | L25: 637 | M25: 218
A26: 6 | B26: 1020 | K26: JUN | L26: 633 | M26: 247
A27: 7 | B27: 1167 | G27: Row Labels | H27: Sum of Sales | K27: JUL | L27: 788 | M27: 215
A28: 8 | B28: 1260 | G28: Eastern District | H28: 2283 | K28: AUG | L28: 759 | M28: 228
A29: 9 | B29: 868 | G29: Northern District | H29: 1949 | K29: SEP | L29: 851 | M29: 245
A30: 10 | B30: 1222 | G30: Southern District | H30: 2568 | K30: OCT | L30: 1011 | M30: 233
A31: 11 | B31: 957 | G31: Western District | H31: 2124 | K31: NOV | L31: 816 | M31: 282
A32: 12 | B32: 1102 | G32: Grand Total | H32: 8924 | K32: DEC | L32: 586 | M32: 291
A33: Grand Total | B33: 11901 | K33: Grand Total | L33: 8924 | M33: 2902
G37: Row Labels | H37: Sum of Average Check
G38: JAN | H38: 809
G39: FEB | H39: 1036 | K39: Row Labels | L39: Sum of Bathroom-I | M39: Sum of Bedroom-I | N39: Sum of Kitchen-I | O39: Sum of Living-I | P39: Sum of Garden-I | Q39: Sum of Decor-I | R39: Sum of Bathroom-S | S39: Sum of Bedroom-S | T39: Sum of Kitchen-S | U39: Sum of Living-S | V39: Sum of Garden-S | W39: Sum of Decor-S
G40: MAR | H40: 920 | K40: 1 | L40: 1341 | M40: 1356 | N40: 1213 | O40: 1479 | P40: 1082 | Q40: 1075 | R40: 1214 | S40: 1333 | T40: 1227 | U40: 1243 | V40: 1191 | W40: 1243
G41: APR | H41: 1105 | K41: 2 | L41: 1173 | M41: 1261 | N41: 1313 | O41: 1510 | P41: 1156 | Q41: 1345 | R41: 1242 | S41: 1265 | T41: 1197 | U41: 1266 | V41: 1091 | W41: 1172
G42: MAY | H42: 1043 | K42: 3 | L42: 1043 | M42: 1318 | N42: 1156 | O42: 1092 | P42: 1324 | Q42: 1358 | R42: 1412 | S42: 1277 | T42: 1362 | U42: 1290 | V42: 1091 | W42: 1125
G43: JUN | H43: 1012 | K43: 4 | L43: 1193 | M43: 1216 | N43: 1287 | O43: 1293 | P43: 1174 | Q43: 1144 | R43: 1092 | S43: 1282 | T43: 1405 | U43: 1099 | V43: 1153 | W43: 1176
G44: JUL | H44: 1173 | K44: 5 | L44: 1344 | M44: 1014 | N44: 1264 | O44: 1347 | P44: 1184 | Q44: 1237 | R44: 1196 | S44: 1131 | T44: 1135 | U44: 1294 | V44: 878 | W44: 1223
G45: AUG | H45: 1144 | K45: 6 | L45: 1154 | M45: 1187 | N45: 1302 | O45: 1359 | P45: 1381 | Q45: 1315 | R45: 1349 | S45: 1220 | T45: 1256 | U45: 1218 | V45: 1057 | W45: 1260
G46: SEP | H46: 1226 | K46: 7 | L46: 902 | M46: 1113 | N46: 1428 | O46: 1465 | P46: 1181 | Q46: 1253 | R46: 1166 | S46: 1413 | T46: 1362 | U46: 1296 | V46: 1171 | W46: 1086
G47: OCT | H47: 1421 | K47: 8 | L47: 1058 | M47: 1286 | N47: 1158 | O47: 1430 | P47: 1300 | Q47: 1209 | R47: 1508 | S47: 1418 | T47: 1477 | U47: 1032 | V47: 1125 | W47: 1193
G48: NOV | H48: 1339 | K48: 9 | L48: 1108 | M48: 1382 | N48: 1087 | O48: 1261 | P48: 1274 | Q48: 1153 | R48: 1372 | S48: 1228 | T48: 1255 | U48: 1170 | V48: 1373 | W48: 1266
G49: DEC | H49: 1436 | K49: 10 | L49: 902 | M49: 1389 | N49: 1256 | O49: 1213 | P49: 1133 | Q49: 1325 | R49: 1215 | S49: 1308 | T49: 1328 | U49: 1177 | V49: 1080 | W49: 1246
G50: Grand Total | H50: 13664 | K50: 11 | L50: 1232 | M50: 1203 | N50: 1074 | O50: 1392 | P50: 1613 | Q50: 1197 | R50: 1256 | S50: 1173 | T50: 1413 | U50: 1307 | V50: 1056 | W50: 1134
K51: 12 | L51: 1125 | M51: 1115 | N51: 1495 | O51: 1355 | P51: 1224 | Q51: 1342 | R51: 1354 | S51: 1255 | T51: 1448 | U51: 1294 | V51: 1187 | W51: 977
G52: Row Labels | H52: Sum of Average Check | K52: Grand Total | L52: 13575 | M52: 14840 | N52: 15033 | O52: 16196 | P52: 15026 | Q52: 14953 | R52: 15376 | S52: 15303 | T52: 15865 | U52: 14686 | V52: 13453 | W52: 14101
G53: JAN | H53: 809
G54: FEB | H54: 1036
G55: MAR | H55: 920
G56: APR | H56: 1105
G57: MAY | H57: 1043
G58: JUN | H58: 1012
G59: JUL | H59: 1173
G60: AUG | H60: 1144
G61: SEP | H61: 1226
G62: OCT | H62: 1421
G63: NOV | H63: 1339
G64: DEC | H64: 1436
G65: Grand Total | H65: 13664

Sheet Process
B1: Influx of New Clients | G1: Regular Clients | I1: x | J1: y | L1: Total Annual Profit | N1: {=TRANSPOSE(L3:L6)} -> 2022 | O1: 2023 | P1: 2024 | Q1: 2025 | R1: Level | S1: Indica | V1: Inventory | W1: Sales | Y1: Inventory | Z1: Sales | AA1: ■ | AB1: <-- | AC1: ALT+219 | AF1: Average Check
A2: S.No | B2: Month | C2: Clients | D2: Level | E2: Indica | G2: =GETPIVOTDATA("Regular Clients",Pivot!$D$3) -> 0.52708333 | H2: =100%-G2 -> 0.47291667 | I2: =SIN(G3*2*PI()) -> -0.639439 | J2: =COS(G3*2*PI()) -> -0.76884183 | L2: Year | M2: Sales | N2: =IF(AND($L2=N$1,$R2=0),$M2,0) -> 0 | O2: =IF(AND($L2=O$1,$R2=0),$M2,0) -> 0 | P2: =IF(AND($L2=P$1,$R2=0),$M2,0) -> 0 | Q2: =IF(AND($L2=Q$1,$R2=0),$M2,0) -> 0 | R2: =IFERROR(INDEX(Pivot!$H$4:$H$7,MATCH(Process!L2,Pivot!$G$4:$G$7,0)),0) -> 0 | S2: =IF(R2=0,NA(),R2) -> #N/A | U2: Bathroom | V2: =GETPIVOTDATA(""&U2&"-I",Pivot!$O$3)*$Y$2 -> 13575 | W2: =GETPIVOTDATA(""&U2&"-S",Pivot!$O$3)*$Z$2 -> 15376 | Y2: TRUE | Z2: TRUE | AE2: Month | AF2: Value | AG2: Mark | AH2: Indica
A3: 1 | B3: Jan | C3: =GETPIVOTDATA("Influx of New Clients",Pivot!$A$3,"Month",A3) -> 924 | D3: =IFERROR(GETPIVOTDATA("Influx of New Clients",Pivot!$A$20,"Month",A3),NA()) -> 924 | E3: =IF(ISNA(D3),D3,C3) -> 924 | G3: =G2+100%/(360/30) -> 0.61041667 | H3: =100%-G3 -> 0.38958333 | L3: 2022 | M3: 2777 | N3: =IF(AND($L3=N$1,$R3=0),$M3,0) -> 0 | O3: =IF(AND($L3=O$1,$R3=0),$M3,0) -> 0 | P3: =IF(AND($L3=P$1,$R3=0),$M3,0) -> 0 | Q3: =IF(AND($L3=Q$1,$R3=0),$M3,0) -> 0 | R3: =IFERROR(INDEX(Pivot!$H$4:$H$7,MATCH(Process!L3,Pivot!$G$4:$G$7,0)),0) -> 2777 | S3: =IF(R3=0,NA(),R3) -> 2777 | U3: Bedroom | V3: =GETPIVOTDATA(""&U3&"-I",Pivot!$O$3)*$Y$2 -> 14840 | W3: =GETPIVOTDATA(""&U3&"-S",Pivot!$O$3)*$Z$2 -> 15303 | AE3: Jan | AF3: =GETPIVOTDATA("Average Check",Pivot!$G$37,"Name Month",AE3) -> 809 | AG3: =GETPIVOTDATA("Average Check",Pivot!$G$52,"Name Month",AE3) -> 809 | AH3: =IF(COUNTIF($AG$3:$AG$14,">0")=1,AG3,NA()) -> #N/A
A4: 2 | B4: Feb | C4: =GETPIVOTDATA("Influx of New Clients",Pivot!$A$3,"Month",A4) -> 929 | D4: =IFERROR(GETPIVOTDATA("Influx of New Clients",Pivot!$A$20,"Month",A4),NA()) -> 929 | E4: =IF(ISNA(D4),D4,C4) -> 929 | L4: 2023 | M4: 3827 | N4: =IF(AND($L4=N$1,$R4=0),$M4,0) -> 0 | O4: =IF(AND($L4=O$1,$R4=0),$M4,0) -> 0 | P4: =IF(AND($L4=P$1,$R4=0),$M4,0) -> 0 | Q4: =IF(AND($L4=Q$1,$R4=0),$M4,0) -> 0 | R4: =IFERROR(INDEX(Pivot!$H$4:$H$7,MATCH(Process!L4,Pivot!$G$4:$G$7,0)),0) -> 3827 | S4: =IF(R4=0,NA(),R4) -> 3827 | U4: Kitchen | V4: =GETPIVOTDATA(""&U4&"-I",Pivot!$O$3)*$Y$2 -> 15033 | W4: =GETPIVOTDATA(""&U4&"-S",Pivot!$O$3)*$Z$2 -> 15865 | Y4: =IF(Y2,AA1,"") -> ■ | Z4: =IF(Z2,AA1,"") -> ■ | AE4: Feb | AF4: =GETPIVOTDATA("Average Check",Pivot!$G$37,"Name Month",AE4) -> 1036 | AG4: =GETPIVOTDATA("Average Check",Pivot!$G$52,"Name Month",AE4) -> 1036 | AH4: =IF(COUNTIF($AG$3:$AG$14,">0")=1,AG4,NA()) -> #N/A
A5: 3 | B5: Mar | C5: =GETPIVOTDATA("Influx of New Clients",Pivot!$A$3,"Month",A5) -> 876 | D5: =IFERROR(GETPIVOTDATA("Influx of New Clients",Pivot!$A$20,"Month",A5),NA()) -> 876 | E5: =IF(ISNA(D5),D5,C5) -> 876 | L5: 2024 | M5: 1125 | N5: =IF(AND($L5=N$1,$R5=0),$M5,0) -> 0 | O5: =IF(AND($L5=O$1,$R5=0),$M5,0) -> 0 | P5: =IF(AND($L5=P$1,$R5=0),$M5,0) -> 0 | Q5: =IF(AND($L5=Q$1,$R5=0),$M5,0) -> 0 | R5: =IFERROR(INDEX(Pivot!$H$4:$H$7,MATCH(Process!L5,Pivot!$G$4:$G$7,0)),0) -> 1125 | S5: =IF(R5=0,NA(),R5) -> 1125 | U5: Living | V5: =GETPIVOTDATA(""&U5&"-I",Pivot!$O$3)*$Y$2 -> 16196 | W5: =GETPIVOTDATA(""&U5&"-S",Pivot!$O$3)*$Z$2 -> 14686 | AE5: Mar | AF5: =GETPIVOTDATA("Average Check",Pivot!$G$37,"Name Month",AE5) -> 920 | AG5: =GETPIVOTDATA("Average Check",Pivot!$G$52,"Name Month",AE5) -> 920 | AH5: =IF(COUNTIF($AG$3:$AG$14,">0")=1,AG5,NA()) -> #N/A
A6: 4 | B6: Apr | C6: =GETPIVOTDATA("Influx of New Clients",Pivot!$A$3,"Month",A6) -> 864 | D6: =IFERROR(GETPIVOTDATA("Influx of New Clients",Pivot!$A$20,"Month",A6),NA()) -> 864 | E6: =IF(ISNA(D6),D6,C6) -> 864 | L6: 2025 | M6: 1195 | N6: =IF(AND($L6=N$1,$R6=0),$M6,0) -> 0 | O6: =IF(AND($L6=O$1,$R6=0),$M6,0) -> 0 | P6: =IF(AND($L6=P$1,$R6=0),$M6,0) -> 0 | Q6: =IF(AND($L6=Q$1,$R6=0),$M6,0) -> 0 | R6: =IFERROR(INDEX(Pivot!$H$4:$H$7,MATCH(Process!L6,Pivot!$G$4:$G$7,0)),0) -> 1195 | S6: =IF(R6=0,NA(),R6) -> 1195 | U6: Garden | V6: =GETPIVOTDATA(""&U6&"-I",Pivot!$O$3)*$Y$2 -> 15026 | W6: =GETPIVOTDATA(""&U6&"-S",Pivot!$O$3)*$Z$2 -> 13453 | AE6: Apr | AF6: =GETPIVOTDATA("Average Check",Pivot!$G$37,"Name Month",AE6) -> 1105 | AG6: =GETPIVOTDATA("Average Check",Pivot!$G$52,"Name Month",AE6) -> 1105 | AH6: =IF(COUNTIF($AG$3:$AG$14,">0")=1,AG6,NA()) -> #N/A
A7: 5 | B7: May | C7: =GETPIVOTDATA("Influx of New Clients",Pivot!$A$3,"Month",A7) -> 712 | D7: =IFERROR(GETPIVOTDATA("Influx of New Clients",Pivot!$A$20,"Month",A7),NA()) -> 712 | E7: =IF(ISNA(D7),D7,C7) -> 712 | N7: =IF(AND($L7=N$1,$R7=0),$M7,0) -> 0 | O7: =IF(AND($L7=O$1,$R7=0),$M7,0) -> 0 | P7: =IF(AND($L7=P$1,$R7=0),$M7,0) -> 0 | Q7: =IF(AND($L7=Q$1,$R7=0),$M7,0) -> 0 | R7: =IFERROR(INDEX(Pivot!$H$4:$H$7,MATCH(Process!L7,Pivot!$G$4:$G$7,0)),0) -> 0 | S7: =IF(R7=0,NA(),R7) -> #N/A | U7: Decor | V7: =GETPIVOTDATA(""&U7&"-I",Pivot!$O$3)*$Y$2 -> 14953 | W7: =GETPIVOTDATA(""&U7&"-S",Pivot!$O$3)*$Z$2 -> 14101 | AE7: May | AF7: =GETPIVOTDATA("Average Check",Pivot!$G$37,"Name Month",AE7) -> 1043 | AG7: =GETPIVOTDATA("Average Check",Pivot!$G$52,"Name Month",AE7) -> 1043 | AH7: =IF(COUNTIF($AG$3:$AG$14,">0")=1,AG7,NA()) -> #N/A
A8: 6 | B8: Jun | C8: =GETPIVOTDATA("Influx of New Clients",Pivot!$A$3,"Month",A8) -> 1020 | D8: =IFERROR(GETPIVOTDATA("Influx of New Clients",Pivot!$A$20,"Month",A8),NA()) -> 1020 | E8: =IF(ISNA(D8),D8,C8) -> 1020 | V8: =SUM(V2:V7) -> 89623 | W8: =SUM(W2:W7) -> 88784 | AE8: Jun | AF8: =GETPIVOTDATA("Average Check",Pivot!$G$37,"Name Month",AE8) -> 1012 | AG8: =GETPIVOTDATA("Average Check",Pivot!$G$52,"Name Month",AE8) -> 1012 | AH8: =IF(COUNTIF($AG$3:$AG$14,">0")=1,AG8,NA()) -> #N/A
A9: 7 | B9: Jul | C9: =GETPIVOTDATA("Influx of New Clients",Pivot!$A$3,"Month",A9) -> 1167 | D9: =IFERROR(GETPIVOTDATA("Influx of New Clients",Pivot!$A$20,"Month",A9),NA()) -> 1167 | E9: =IF(ISNA(D9),D9,C9) -> 1167 | AE9: Jul | AF9: =GETPIVOTDATA("Average Check",Pivot!$G$37,"Name Month",AE9) -> 1173 | AG9: =GETPIVOTDATA("Average Check",Pivot!$G$52,"Name Month",AE9) -> 1173 | AH9: =IF(COUNTIF($AG$3:$AG$14,">0")=1,AG9,NA()) -> #N/A
A10: 8 | B10: Aug | C10: =GETPIVOTDATA("Influx of New Clients",Pivot!$A$3,"Month",A10) -> 1260 | D10: =IFERROR(GETPIVOTDATA("Influx of New Clients",Pivot!$A$20,"Month",A10),NA()) -> 1260 | E10: =IF(ISNA(D10),D10,C10) -> 1260 | AE10: Aug | AF10: =GETPIVOTDATA("Average Check",Pivot!$G$37,"Name Month",AE10) -> 1144 | AG10: =GETPIVOTDATA("Average Check",Pivot!$G$52,"Name Month",AE10) -> 1144 | AH10: =IF(COUNTIF($AG$3:$AG$14,">0")=1,AG10,NA()) -> #N/A
A11: 9 | B11: Sep | C11: =GETPIVOTDATA("Influx of New Clients",Pivot!$A$3,"Month",A11) -> 868 | D11: =IFERROR(GETPIVOTDATA("Influx of New Clients",Pivot!$A$20,"Month",A11),NA()) -> 868 | E11: =IF(ISNA(D11),D11,C11) -> 868 | L11: Departments | M11: Value | N11: Data X | O11: Data Y | P11: X | Q11: Y | U11: 1 | V11: Product 1 | W11: =GETPIVOTDATA(""&V11,Pivot!$O$22) -> 29833 | X11: {=IFERROR(INDEX($V$11:$V$20,SMALL(IF($W$11:$W$20=Y11,ROW($W$11:$W$20)-ROW($W$11)+1),COUNTIF($Y$11:Y11,Y11))),"")} -> Product 3 | Y11: =LARGE($W$11:$W$20,U11) -> 44257 | Z11: =INDEX($V$11:$V$20,MATCH(Y11,$W$11:$W$20,0)) -> Product 3 | AE11: Sep | AF11: =GETPIVOTDATA("Average Check",Pivot!$G$37,"Name Month",AE11) -> 1226 | AG11: =GETPIVOTDATA("Average Check",Pivot!$G$52,"Name Month",AE11) -> 1226 | AH11: =IF(COUNTIF($AG$3:$AG$14,">0")=1,AG11,NA()) -> #N/A
A12: 10 | B12: Oct | C12: =GETPIVOTDATA("Influx of New Clients",Pivot!$A$3,"Month",A12) -> 1222 | D12: =IFERROR(GETPIVOTDATA("Influx of New Clients",Pivot!$A$20,"Month",A12),NA()) -> 1222 | E12: =IF(ISNA(D12),D12,C12) -> 1222 | L12: Eastern District | M12: =IFERROR(GETPIVOTDATA("Sales",Pivot!$G$27,"Departments",""&L12)/GETPIVOTDATA("Sales",Pivot!$G$20),0) -> 0.25582698 | N12: =SUM($M$12:M12) -> 0.25582698 | O12: =100%-N12 -> 0.74417302 | P12: =IF(M12=0,NA(),SIN(N12*2*PI())) -> 0.99932985 | Q12: =IF(M12=0,NA(),COS(O12*2*PI())) -> -0.036603838 | U12: 2 | V12: Product 2 | W12: =GETPIVOTDATA(""&V12,Pivot!$O$22) -> 30756 | X12: {=IFERROR(INDEX($V$11:$V$20,SMALL(IF($W$11:$W$20=Y12,ROW($W$11:$W$20)-ROW($W$11)+1),COUNTIF($Y$11:Y12,Y12))),"")} -> Product 7 | Y12: =LARGE($W$11:$W$20,U12) -> 33084 | Z12: =INDEX($V$11:$V$20,MATCH(Y12,$W$11:$W$20,0)) -> Product 7 | AE12: Oct | AF12: =GETPIVOTDATA("Average Check",Pivot!$G$37,"Name Month",AE12) -> 1421 | AG12: =GETPIVOTDATA("Average Check",Pivot!$G$52,"Name Month",AE12) -> 1421 | AH12: =IF(COUNTIF($AG$3:$AG$14,">0")=1,AG12,NA()) -> #N/A
A13: 11 | B13: Nov | C13: =GETPIVOTDATA("Influx of New Clients",Pivot!$A$3,"Month",A13) -> 957 | D13: =IFERROR(GETPIVOTDATA("Influx of New Clients",Pivot!$A$20,"Month",A13),NA()) -> 957 | E13: =IF(ISNA(D13),D13,C13) -> 957 | L13: Northern District | M13: =IFERROR(GETPIVOTDATA("Sales",Pivot!$G$27,"Departments",""&L13)/GETPIVOTDATA("Sales",Pivot!$G$20),0) -> 0.21839982 | N13: =SUM($M$12:M13) -> 0.4742268 | O13: =100%-N13 -> 0.5257732 | P13: =IF(M13=0,NA(),SIN(N13*2*PI())) -> 0.16123092 | Q13: =IF(M13=0,NA(),COS(O13*2*PI())) -> -0.98691671 | U13: 3 | V13: Product 3 | W13: =GETPIVOTDATA(""&V13,Pivot!$O$22) -> 44257 | X13: {=IFERROR(INDEX($V$11:$V$20,SMALL(IF($W$11:$W$20=Y13,ROW($W$11:$W$20)-ROW($W$11)+1),COUNTIF($Y$11:Y13,Y13))),"")} -> Product 2 | Y13: =LARGE($W$11:$W$20,U13) -> 30756 | Z13: =INDEX($V$11:$V$20,MATCH(Y13,$W$11:$W$20,0)) -> Product 2 | AE13: Nov | AF13: =GETPIVOTDATA("Average Check",Pivot!$G$37,"Name Month",AE13) -> 1339 | AG13: =GETPIVOTDATA("Average Check",Pivot!$G$52,"Name Month",AE13) -> 1339 | AH13: =IF(COUNTIF($AG$3:$AG$14,">0")=1,AG13,NA()) -> #N/A
A14: 12 | B14: Dec | C14: =GETPIVOTDATA("Influx of New Clients",Pivot!$A$3,"Month",A14) -> 1102 | D14: =IFERROR(GETPIVOTDATA("Influx of New Clients",Pivot!$A$20,"Month",A14),NA()) -> 1102 | E14: =IF(ISNA(D14),D14,C14) -> 1102 | L14: Southern District | M14: =IFERROR(GETPIVOTDATA("Sales",Pivot!$G$27,"Departments",""&L14)/GETPIVOTDATA("Sales",Pivot!$G$20),0) -> 0.28776333 | N14: =SUM($M$12:M14) -> 0.76199014 | O14: =100%-N14 -> 0.23800986 | P14: =IF(M14=0,NA(),SIN(N14*2*PI())) -> -0.99716357 | Q14: =IF(M14=0,NA(),COS(O14*2*PI())) -> 0.075265023 | U14: 4 | V14: Product 4 | W14: =GETPIVOTDATA(""&V14,Pivot!$O$22) -> 28948 | X14: {=IFERROR(INDEX($V$11:$V$20,SMALL(IF($W$11:$W$20=Y14,ROW($W$11:$W$20)-ROW($W$11)+1),COUNTIF($Y$11:Y14,Y14))),"")} -> Product 1 | Y14: =LARGE($W$11:$W$20,U14) -> 29833 | Z14: =INDEX($V$11:$V$20,MATCH(Y14,$W$11:$W$20,0)) -> Product 1 | AE14: Dec | AF14: =GETPIVOTDATA("Average Check",Pivot!$G$37,"Name Month",AE14) -> 1436 | AG14: =GETPIVOTDATA("Average Check",Pivot!$G$52,"Name Month",AE14) -> 1436 | AH14: =IF(COUNTIF($AG$3:$AG$14,">0")=1,AG14,NA()) -> #N/A
C15: =SUM(C3:C14) -> 11901 | D15: {=SUM(IFERROR(D3:D14,0))} -> 11901 | L15: Western District | M15: =IFERROR(GETPIVOTDATA("Sales",Pivot!$G$27,"Departments",""&L15)/GETPIVOTDATA("Sales",Pivot!$G$20),0) -> 0.23800986 | N15: =SUM($M$12:M15) -> 1 | O15: =100%-N15 -> 0 | P15: =IF(M15=0,NA(),SIN(N15*2*PI())) -> -2.4502969e-16 | Q15: =IF(M15=0,NA(),COS(O15*2*PI())) -> 1 | U15: 5 | V15: Product 5 | W15: =GETPIVOTDATA(""&V15,Pivot!$O$22) -> 28255 | X15: {=IFERROR(INDEX($V$11:$V$20,SMALL(IF($W$11:$W$20=Y15,ROW($W$11:$W$20)-ROW($W$11)+1),COUNTIF($Y$11:Y15,Y15))),"")} -> Product 9 | Y15: =LARGE($W$11:$W$20,U15) -> 29292 | Z15: =INDEX($V$11:$V$20,MATCH(Y15,$W$11:$W$20,0)) -> Product 9 | AG15: =GETPIVOTDATA("Average Check",Pivot!$G$52) -> 13664
M16: =100%-SUM(M12:M15) -> 0 | O16: =IF(M16=0,GETPIVOTDATA("Sales",Pivot!$G$20),SUM(Process!M12:M15)) -> 8924 | P16: =IF(M16=0,NA(),0) -> #N/A | Q16: =IF(M16=0,NA(),1) -> #N/A | U16: 6 | V16: Product 6 | W16: =GETPIVOTDATA(""&V16,Pivot!$O$22) -> 25959 | X16: {=IFERROR(INDEX($V$11:$V$20,SMALL(IF($W$11:$W$20=Y16,ROW($W$11:$W$20)-ROW($W$11)+1),COUNTIF($Y$11:Y16,Y16))),"")} -> Product 4 | Y16: =LARGE($W$11:$W$20,U16) -> 28948 | Z16: =INDEX($V$11:$V$20,MATCH(Y16,$W$11:$W$20,0)) -> Product 4 | AO16: 1.4 | AS16: 0.7
U17: 7 | V17: Product 7 | W17: =GETPIVOTDATA(""&V17,Pivot!$O$22) -> 33084 | X17: {=IFERROR(INDEX($V$11:$V$20,SMALL(IF($W$11:$W$20=Y17,ROW($W$11:$W$20)-ROW($W$11)+1),COUNTIF($Y$11:Y17,Y17))),"")} -> Product 5 | Y17: =LARGE($W$11:$W$20,U17) -> 28255 | Z17: =INDEX($V$11:$V$20,MATCH(Y17,$W$11:$W$20,0)) -> Product 5 | AE17: Sales & Inventory | AG17: Sales | AH17: Inventory | AL17: Products | AM17: =AI25 -> Sales | AN17: =AJ25 -> Inventory | AO17: Left | AP17: =AI25 -> Sales | AQ17: Middle | AR17: =AJ25 -> Inventory | AS17: Right
L18: Month | M18: Sales | N18: S Layer | O18: Cost | P18: Mark | U18: 8 | V18: Product 8 | W18: =GETPIVOTDATA(""&V18,Pivot!$O$22) -> 23362 | X18: {=IFERROR(INDEX($V$11:$V$20,SMALL(IF($W$11:$W$20=Y18,ROW($W$11:$W$20)-ROW($W$11)+1),COUNTIF($Y$11:Y18,Y18))),"")} -> Product 10 | Y18: =LARGE($W$11:$W$20,U18) -> 26322 | Z18: =INDEX($V$11:$V$20,MATCH(Y18,$W$11:$W$20,0)) -> Product 10 | AE18: 1 | AF18: Bathroom | AG18: =GETPIVOTDATA($AF18&"-"&LEFT(AG$17,1),Pivot!$K$39) -> 15376 | AH18: =GETPIVOTDATA($AF18&"-"&LEFT(AH$17,1),Pivot!$K$39) -> 13575 | AL18: =AH26 -> Kitchen | AM18: =AI26 -> 15865 | AN18: =AJ26 -> 15033 | AO18: {=MAX($AM$18:$AN$23*$AO$16-AP18)} -> 6809.4 | AP18: =AI26 -> 15865 | AQ18: =MAX($AM$18:$AN$23)*$AS$16 -> 11337.2 | AR18: =AJ26 -> 15033 | AS18: {=MAX($AM$18:$AN$23*$AO$16-AR18)} -> 7641.4
L19: Jan | M19: =GETPIVOTDATA("Sum of Sales",Pivot!$K$3,"Name Month",""&L19) -> 846 | N19: =IFERROR(GETPIVOTDATA("Sum of Sales",Pivot!$K$20,"Name Month",""&L19),NA()) -> 846 | O19: =GETPIVOTDATA("Sum of Costs",Pivot!$K$3,"Name Month",""&L19) -> 290 | P19: =IF(ISNA(N19),N19,M19) -> 846 | U19: 9 | V19: Product 9 | W19: =GETPIVOTDATA(""&V19,Pivot!$O$22) -> 29292 | X19: {=IFERROR(INDEX($V$11:$V$20,SMALL(IF($W$11:$W$20=Y19,ROW($W$11:$W$20)-ROW($W$11)+1),COUNTIF($Y$11:Y19,Y19))),"")} -> Product 6 | Y19: =LARGE($W$11:$W$20,U19) -> 25959 | Z19: =INDEX($V$11:$V$20,MATCH(Y19,$W$11:$W$20,0)) -> Product 6 | AE19: 2 | AF19: Bedroom | AG19: =GETPIVOTDATA($AF19&"-"&LEFT(AG$17,1),Pivot!$K$39) -> 15303 | AH19: =GETPIVOTDATA($AF19&"-"&LEFT(AH$17,1),Pivot!$K$39) -> 14840 | AL19: =AH27 -> Bathroom | AM19: =AI27 -> 15376 | AN19: =AJ27 -> 13575 | AO19: {=MAX($AM$18:$AN$23*$AO$16-AP19)} -> 7298.4 | AP19: =AI27 -> 15376 | AQ19: =MAX($AM$18:$AN$23)*$AS$16 -> 11337.2 | AR19: =AJ27 -> 13575 | AS19: {=MAX($AM$18:$AN$23*$AO$16-AR19)} -> 9099.4
L20: Feb | M20: =GETPIVOTDATA("Sum of Sales",Pivot!$K$3,"Name Month",""&L20) -> 738 | N20: =IFERROR(GETPIVOTDATA("Sum of Sales",Pivot!$K$20,"Name Month",""&L20),NA()) -> 738 | O20: =GETPIVOTDATA("Sum of Costs",Pivot!$K$3,"Name Month",""&L20) -> 232 | P20: =IF(ISNA(N20),N20,M20) -> 738 | U20: 10 | V20: Product 10 | W20: =GETPIVOTDATA(""&V20,Pivot!$O$22) -> 26322 | X20: {=IFERROR(INDEX($V$11:$V$20,SMALL(IF($W$11:$W$20=Y20,ROW($W$11:$W$20)-ROW($W$11)+1),COUNTIF($Y$11:Y20,Y20))),"")} -> Product 8 | Y20: =LARGE($W$11:$W$20,U20) -> 23362 | Z20: =INDEX($V$11:$V$20,MATCH(Y20,$W$11:$W$20,0)) -> Product 8 | AE20: 3 | AF20: Kitchen | AG20: =GETPIVOTDATA($AF20&"-"&LEFT(AG$17,1),Pivot!$K$39) -> 15865 | AH20: =GETPIVOTDATA($AF20&"-"&LEFT(AH$17,1),Pivot!$K$39) -> 15033 | AL20: =AH28 -> Bedroom | AM20: =AI28 -> 15303 | AN20: =AJ28 -> 14840 | AO20: {=MAX($AM$18:$AN$23*$AO$16-AP20)} -> 7371.4 | AP20: =AI28 -> 15303 | AQ20: =MAX($AM$18:$AN$23)*$AS$16 -> 11337.2 | AR20: =AJ28 -> 14840 | AS20: {=MAX($AM$18:$AN$23*$AO$16-AR20)} -> 7834.4
L21: Mar | M21: =GETPIVOTDATA("Sum of Sales",Pivot!$K$3,"Name Month",""&L21) -> 710 | N21: =IFERROR(GETPIVOTDATA("Sum of Sales",Pivot!$K$20,"Name Month",""&L21),NA()) -> 710 | O21: =GETPIVOTDATA("Sum of Costs",Pivot!$K$3,"Name Month",""&L21) -> 198 | P21: =IF(ISNA(N21),N21,M21) -> 710 | AE21: 4 | AF21: Living | AG21: =GETPIVOTDATA($AF21&"-"&LEFT(AG$17,1),Pivot!$K$39) -> 14686 | AH21: =GETPIVOTDATA($AF21&"-"&LEFT(AH$17,1),Pivot!$K$39) -> 16196 | AL21: =AH29 -> Living | AM21: =AI29 -> 14686 | AN21: =AJ29 -> 16196 | AO21: {=MAX($AM$18:$AN$23*$AO$16-AP21)} -> 7988.4 | AP21: =AI29 -> 14686 | AQ21: =MAX($AM$18:$AN$23)*$AS$16 -> 11337.2 | AR21: =AJ29 -> 16196 | AS21: {=MAX($AM$18:$AN$23*$AO$16-AR21)} -> 6478.4
L22: Apr | M22: =GETPIVOTDATA("Sum of Sales",Pivot!$K$3,"Name Month",""&L22) -> 549 | N22: =IFERROR(GETPIVOTDATA("Sum of Sales",Pivot!$K$20,"Name Month",""&L22),NA()) -> 549 | O22: =GETPIVOTDATA("Sum of Costs",Pivot!$K$3,"Name Month",""&L22) -> 223 | P22: =IF(ISNA(N22),N22,M22) -> 549 | V22: Top 5 Product | W22: Value | X22: Mark | Y22: 1.3 | AE22: 5 | AF22: Garden | AG22: =GETPIVOTDATA($AF22&"-"&LEFT(AG$17,1),Pivot!$K$39) -> 13453 | AH22: =GETPIVOTDATA($AF22&"-"&LEFT(AH$17,1),Pivot!$K$39) -> 15026 | AL22: =AH30 -> Decor | AM22: =AI30 -> 14101 | AN22: =AJ30 -> 14953 | AO22: {=MAX($AM$18:$AN$23*$AO$16-AP22)} -> 8573.4 | AP22: =AI30 -> 14101 | AQ22: =MAX($AM$18:$AN$23)*$AS$16 -> 11337.2 | AR22: =AJ30 -> 14953 | AS22: {=MAX($AM$18:$AN$23*$AO$16-AR22)} -> 7721.4
L23: May | M23: =GETPIVOTDATA("Sum of Sales",Pivot!$K$3,"Name Month",""&L23) -> 637 | N23: =IFERROR(GETPIVOTDATA("Sum of Sales",Pivot!$K$20,"Name Month",""&L23),NA()) -> 637 | O23: =GETPIVOTDATA("Sum of Costs",Pivot!$K$3,"Name Month",""&L23) -> 218 | P23: =IF(ISNA(N23),N23,M23) -> 637 | U23: 1 | V23: =X11 -> Product 3 | W23: =Y11 -> 44257 | X23: =$W$23*$Y$22-W23 -> 13277.1 | AE23: 6 | AF23: Decor | AG23: =GETPIVOTDATA($AF23&"-"&LEFT(AG$17,1),Pivot!$K$39) -> 14101 | AH23: =GETPIVOTDATA($AF23&"-"&LEFT(AH$17,1),Pivot!$K$39) -> 14953 | AL23: =AH31 -> Garden | AM23: =AI31 -> 13453 | AN23: =AJ31 -> 15026 | AO23: {=MAX($AM$18:$AN$23*$AO$16-AP23)} -> 9221.4 | AP23: =AI31 -> 13453 | AQ23: =MAX($AM$18:$AN$23)*$AS$16 -> 11337.2 | AR23: =AJ31 -> 15026 | AS23: {=MAX($AM$18:$AN$23*$AO$16-AR23)} -> 7648.4
L24: Jun | M24: =GETPIVOTDATA("Sum of Sales",Pivot!$K$3,"Name Month",""&L24) -> 633 | N24: =IFERROR(GETPIVOTDATA("Sum of Sales",Pivot!$K$20,"Name Month",""&L24),NA()) -> 633 | O24: =GETPIVOTDATA("Sum of Costs",Pivot!$K$3,"Name Month",""&L24) -> 247 | P24: =IF(ISNA(N24),N24,M24) -> 633 | U24: 2 | V24: =X12 -> Product 7 | W24: =Y12 -> 33084 | X24: =$W$23*$Y$22-W24 -> 24450.1
L25: Jul | M25: =GETPIVOTDATA("Sum of Sales",Pivot!$K$3,"Name Month",""&L25) -> 788 | N25: =IFERROR(GETPIVOTDATA("Sum of Sales",Pivot!$K$20,"Name Month",""&L25),NA()) -> 788 | O25: =GETPIVOTDATA("Sum of Costs",Pivot!$K$3,"Name Month",""&L25) -> 215 | P25: =IF(ISNA(N25),N25,M25) -> 788 | U25: 3 | V25: =X13 -> Product 2 | W25: =Y13 -> 30756 | X25: =$W$23*$Y$22-W25 -> 26778.1 | AE25: Sort by Sales | AI25: =AG17 -> Sales | AJ25: =AH17 -> Inventory | AL25: Sort by Inventory | AP25: =AH17 -> Inventory | AQ25: =AG17 -> Sales
L26: Aug | M26: =GETPIVOTDATA("Sum of Sales",Pivot!$K$3,"Name Month",""&L26) -> 759 | N26: =IFERROR(GETPIVOTDATA("Sum of Sales",Pivot!$K$20,"Name Month",""&L26),NA()) -> 759 | O26: =GETPIVOTDATA("Sum of Costs",Pivot!$K$3,"Name Month",""&L26) -> 228 | P26: =IF(ISNA(N26),N26,M26) -> 759 | U26: 4 | V26: =X14 -> Product 1 | W26: =Y14 -> 29833 | X26: =$W$23*$Y$22-W26 -> 27701.1 | AE26: 1 | AF26: =AG18 -> 15376 | AG26: =AF18 -> Bathroom | AH26: {=IFERROR(INDEX($AG$26:$AG$31,SMALL(IF($AF$26:$AF$31=AI26,ROW($AF$26:$AF$31)-ROW($AF$26)+1),COUNTIF($AI$26:AI26, AI26))),"")} -> Kitchen | AI26: =LARGE($AF$26:$AF$31,AE26) -> 15865 | AJ26: =INDEX($AH$18:$AH$23,MATCH(AI26,$AG$18:$AG$23,0)) -> 15033 | AL26: 1 | AM26: =AH18 -> 13575 | AN26: =AF18 -> Bathroom | AO26: {=IFERROR(INDEX($AN$26:$AN$31,SMALL(IF($AM$26:$AM$31=AP26,ROW($AM$26:$AM$31)-ROW($AM$26)+1),COUNTIF($AP$26:AP26, AP26))),"")} -> Living | AP26: =LARGE($AM$26:$AM$31,AL26) -> 16196 | AQ26: =INDEX($AG$18:$AG$23,MATCH(AP26,$AH$18:$AH$23,0)) -> 14686
L27: Sep | M27: =GETPIVOTDATA("Sum of Sales",Pivot!$K$3,"Name Month",""&L27) -> 851 | N27: =IFERROR(GETPIVOTDATA("Sum of Sales",Pivot!$K$20,"Name Month",""&L27),NA()) -> 851 | O27: =GETPIVOTDATA("Sum of Costs",Pivot!$K$3,"Name Month",""&L27) -> 245 | P27: =IF(ISNA(N27),N27,M27) -> 851 | U27: 5 | V27: =X15 -> Product 9 | W27: =Y15 -> 29292 | X27: =$W$23*$Y$22-W27 -> 28242.1 | AE27: 2 | AF27: =AG19 -> 15303 | AG27: =AF19 -> Bedroom | AH27: {=IFERROR(INDEX($AG$26:$AG$31,SMALL(IF($AF$26:$AF$31=AI27,ROW($AF$26:$AF$31)-ROW($AF$26)+1),COUNTIF($AI$26:AI27, AI27))),"")} -> Bathroom | AI27: =LARGE($AF$26:$AF$31,AE27) -> 15376 | AJ27: =INDEX($AH$18:$AH$23,MATCH(AI27,$AG$18:$AG$23,0)) -> 13575 | AL27: 2 | AM27: =AH19 -> 14840 | AN27: =AF19 -> Bedroom | AO27: {=IFERROR(INDEX($AN$26:$AN$31,SMALL(IF($AM$26:$AM$31=AP27,ROW($AM$26:$AM$31)-ROW($AM$26)+1),COUNTIF($AP$26:AP27, AP27))),"")} -> Kitchen | AP27: =LARGE($AM$26:$AM$31,AL27) -> 15033 | AQ27: =INDEX($AG$18:$AG$23,MATCH(AP27,$AH$18:$AH$23,0)) -> 15865
L28: Oct | M28: =GETPIVOTDATA("Sum of Sales",Pivot!$K$3,"Name Month",""&L28) -> 1011 | N28: =IFERROR(GETPIVOTDATA("Sum of Sales",Pivot!$K$20,"Name Month",""&L28),NA()) -> 1011 | O28: =GETPIVOTDATA("Sum of Costs",Pivot!$K$3,"Name Month",""&L28) -> 233 | P28: =IF(ISNA(N28),N28,M28) -> 1011 | AE28: 3 | AF28: =AG20 -> 15865 | AG28: =AF20 -> Kitchen | AH28: {=IFERROR(INDEX($AG$26:$AG$31,SMALL(IF($AF$26:$AF$31=AI28,ROW($AF$26:$AF$31)-ROW($AF$26)+1),COUNTIF($AI$26:AI28, AI28))),"")} -> Bedroom | AI28: =LARGE($AF$26:$AF$31,AE28) -> 15303 | AJ28: =INDEX($AH$18:$AH$23,MATCH(AI28,$AG$18:$AG$23,0)) -> 14840 | AL28: 3 | AM28: =AH20 -> 15033 | AN28: =AF20 -> Kitchen | AO28: {=IFERROR(INDEX($AN$26:$AN$31,SMALL(IF($AM$26:$AM$31=AP28,ROW($AM$26:$AM$31)-ROW($AM$26)+1),COUNTIF($AP$26:AP28, AP28))),"")} -> Garden | AP28: =LARGE($AM$26:$AM$31,AL28) -> 15026 | AQ28: =INDEX($AG$18:$AG$23,MATCH(AP28,$AH$18:$AH$23,0)) -> 13453
L29: Nov | M29: =GETPIVOTDATA("Sum of Sales",Pivot!$K$3,"Name Month",""&L29) -> 816 | N29: =IFERROR(GETPIVOTDATA("Sum of Sales",Pivot!$K$20,"Name Month",""&L29),NA()) -> 816 | O29: =GETPIVOTDATA("Sum of Costs",Pivot!$K$3,"Name Month",""&L29) -> 282 | P29: =IF(ISNA(N29),N29,M29) -> 816 | AE29: 4 | AF29: =AG21 -> 14686 | AG29: =AF21 -> Living | AH29: {=IFERROR(INDEX($AG$26:$AG$31,SMALL(IF($AF$26:$AF$31=AI29,ROW($AF$26:$AF$31)-ROW($AF$26)+1),COUNTIF($AI$26:AI29, AI29))),"")} -> Living | AI29: =LARGE($AF$26:$AF$31,AE29) -> 14686 | AJ29: =INDEX($AH$18:$AH$23,MATCH(AI29,$AG$18:$AG$23,0)) -> 16196 | AL29: 4 | AM29: =AH21 -> 16196 | AN29: =AF21 -> Living | AO29: {=IFERROR(INDEX($AN$26:$AN$31,SMALL(IF($AM$26:$AM$31=AP29,ROW($AM$26:$AM$31)-ROW($AM$26)+1),COUNTIF($AP$26:AP29, AP29))),"")} -> Decor | AP29: =LARGE($AM$26:$AM$31,AL29) -> 14953 | AQ29: =INDEX($AG$18:$AG$23,MATCH(AP29,$AH$18:$AH$23,0)) -> 14101
L30: Dec | M30: =GETPIVOTDATA("Sum of Sales",Pivot!$K$3,"Name Month",""&L30) -> 586 | N30: =IFERROR(GETPIVOTDATA("Sum of Sales",Pivot!$K$20,"Name Month",""&L30),NA()) -> 586 | O30: =GETPIVOTDATA("Sum of Costs",Pivot!$K$3,"Name Month",""&L30) -> 291 | P30: =IF(ISNA(N30),N30,M30) -> 586 | AE30: 5 | AF30: =AG22 -> 13453 | AG30: =AF22 -> Garden | AH30: {=IFERROR(INDEX($AG$26:$AG$31,SMALL(IF($AF$26:$AF$31=AI30,ROW($AF$26:$AF$31)-ROW($AF$26)+1),COUNTIF($AI$26:AI30, AI30))),"")} -> Decor | AI30: =LARGE($AF$26:$AF$31,AE30) -> 14101 | AJ30: =INDEX($AH$18:$AH$23,MATCH(AI30,$AG$18:$AG$23,0)) -> 14953 | AL30: 5 | AM30: =AH22 -> 15026 | AN30: =AF22 -> Garden | AO30: {=IFERROR(INDEX($AN$26:$AN$31,SMALL(IF($AM$26:$AM$31=AP30,ROW($AM$26:$AM$31)-ROW($AM$26)+1),COUNTIF($AP$26:AP30, AP30))),"")} -> Bedroom | AP30: =LARGE($AM$26:$AM$31,AL30) -> 14840 | AQ30: =INDEX($AG$18:$AG$23,MATCH(AP30,$AH$18:$AH$23,0)) -> 15303
N31: {=SUM(IFERROR(N19:N30,0))} -> 8924 | O31: {=SUM(IFERROR(O19:O30,0))} -> 2902 | AE31: 6 | AF31: =AG23 -> 14101 | AG31: =AF23 -> Decor | AH31: {=IFERROR(INDEX($AG$26:$AG$31,SMALL(IF($AF$26:$AF$31=AI31,ROW($AF$26:$AF$31)-ROW($AF$26)+1),COUNTIF($AI$26:AI31, AI31))),"")} -> Garden | AI31: =LARGE($AF$26:$AF$31,AE31) -> 13453 | AJ31: =INDEX($AH$18:$AH$23,MATCH(AI31,$AG$18:$AG$23,0)) -> 15026 | AL31: 6 | AM31: =AH23 -> 14953 | AN31: =AF23 -> Decor | AO31: {=IFERROR(INDEX($AN$26:$AN$31,SMALL(IF($AM$26:$AM$31=AP31,ROW($AM$26:$AM$31)-ROW($AM$26)+1),COUNTIF($AP$26:AP31, AP31))),"")} -> Bathroom | AP31: =LARGE($AM$26:$AM$31,AL31) -> 13575 | AQ31: =INDEX($AG$18:$AG$23,MATCH(AP31,$AH$18:$AH$23,0)) -> 15376

Sheet Dashboard
A28: `
